Spawnentry,Dino,Abyssal Xiphactinus,Acrocanthosaurus,Archelon,Brachiosaurus,Concavenator,Cryolophosaurus,Deinosuchus,Deinotherium,Helicoprion,Wooly Brachiosaurus,Xiphactinus,Albertosaurus,Ceratosaurus,Edmontosaurus,Elasmotherium,Giant Jaguar,Giant Dart Frog,Majungasaurus,Monolophosaurus,Nanuqsaurus,Ornitholestes,Orolotitan,Primal Owl,Shastasaurus,Smilodon,Suchomimus,Sperm Whale,Wooly Mammoth,Aegis,Allseer Squid,Atlas Capucin,Atlas Giraffe,Forest Elephant,Grand Tortugar,Harbinger,Heracles,Hippocampus,Jiiba Dolphin,Midgard Moray,Nyoomarlin,Ostrich,Pampas Cat,Pangolin Rhinoceros,Pelagic Crocodile,Phantom Manta,Razortooth,Tyrant Scorpion,Acheroraptor,Anzu,Axelrodichthys,Dilong,Dracovenator,Genyodectes,Giant Sea Slug,Hainosaurus,Hyneria,Inostrancevia,Jiangjunosaurus,Kelenken,Lirainosaurus,Lythronax,Mapusaurus,Massospondylus,Nasutoceratops,Neimongosaurus,Neovenator,Ornithocheirus,Ouranosaurus,Pinacosaurus,Postosuchus,Prionosuchus,Pyroraptor,Saltasaurus,Scelidosaurus,Siamosaurus,Tsintaosaurus,Venenosaurus,Yangchuanosaurus,Zuniceratops,Anteosaurus,Anthracosaurus,Apatosaurus,Archaeoindris,Balaur,Banguela,Belluasaurus,Binturong,Brachauchenius,Camarasaurus,Cedarosaurus,Chungkingosaurus,Daspletosaurus,Dinocrocuta,Epanterias,Eryops,Europasaurus,Fasolasuchus,Gargoyleosaurus,Harpagornis,Herrerasaurus,Ichthyovenator,Lucanidae,Metriacanthosaurus,Narwhal,Nigersaurus,Oxalaia,Pentaceratops,Phosphatodraco,Plateosaurus,Psittacosaurus,Qianzhousaurus,Rajasaurus,Red Panda ,Rhizodus,Sauropelta,Segnosaurus,Shantungosaurus,Shunosaurus,Sinotyrannus,Squalicorax,Stygimoloch,Styracosaurus,Tarbosaurus,Thorned Dreadweaver,Torosaurus,Torvosaurus,Tyrannotitan,Vallibonavenatrix,Camel,Cat,Exotic Bird,Gecko,Hare,Owl,Snowy Owl,Snow Leopard,Raven,Mountain Goat,Acrophyseter,Anomalocaris,Arganodus,Arowana,Broadtooth Mako Shark,Chinlea,Cryptoclidus,Dinichthys,Eastmanosteus,Fiddler Crab,Giant Octopus,Giant Vampire Squid,Goliath Tigerfish,Goonch Catfish,Great Hammerhead Shark,Great White Shark,Hydrarchos,Hydrotherosaurus,Kronosaurus,Leopard Seal,Lungfish,Ophthalmosaurus,Orca,Perch,Pike,Piraiba Catfish,Protostega,Saltwater Crocodile,Shonisaurus,Tiger Shark,Titan Sailfish,Tylosaurus,Walrus,Zygophyseter
Entry ID,Dino BP,AbyssalXiph_Character_BP_C,Acrocanthosaurus_Character_BP_C,Archelon_Character_BP_C,Brachiosaurus_Character_BP_C,Concavenator_Character_BP_C,Cryolophosaurus_Character_BP_C,Deinosuchus_Character_BP_C,Deinotherium_Character_BP_C,G_Helicoprion_Character_BP_C,Brachiosaurus_Character_BP_Woolly_C,Xiph_Character_BP_C,Albertosaurus_Character_BP_C,CeratoJP_Character_BP_C,Eddie_Character_BP_C,Elasmo_Character_BP_C,Jaguar_Character_BP_C,Frog_Character_BP_C,Maju_Character_BP_C,Mono_Character_BP_C,Nanuq_Character_BP_C,Orni_Character_BP_C,Orolo_Character_BP_C,PrimalOwl_Character_BP_C,Shasta_Character_BP_C,Smilodon_Character_BP_C,Sucho_Character_BP_C,whale_Character_BP_C,MammothJP_Character_BP_C,Aegis_Character_BP_C,AtlasSquid_Character_BP_C,AMonkey_Character_BP_C,AGiraffe_Character_BP_C,AElephant_Character_BP_C,Tortugar_Character_bp_C,Harbinger_Character_BP_C,AParrot_character_bp_C,Hippocampus_Character_bp_C,ADolphin_Character_BP_C,AEel_Character_bp_C,Marlin_Character_BP_C,AOstrich_Character_BP_C,PampasCat_Character_BP_C,ARhino_Character_BP_C,ACroc_Character_BP_C,AManta_Character_BP_C,Razortooth_Character_BP_C,AScorpion_Character_BP_C,Acheroraptor_Character_BP_C,Anzu_Character_BP_C,Axelrodichthys_Character_BP_C,Dilong_Character_BP_C,Dracovenator_Character_BP_C,Genyodectes_Character_BP_C,GiantSeaSlug_Character_BP_C,Hainosaurus_Character_BP_C,Hyneria_Character_BP_C,Inostrancevia_Character_BP_C,Jiangjunosaurus_Character_BP_C,Kelenken_Character_BP_C,Lirainosaurus_Character_BP_C,Lythronax_Character_BP_C,Mapusaurus_Character_BP_C,Massospondylus_Character_BP_C,Nasutoceratops_Character_BP_C,Neimongosaurus_Character_BP_C,Neovenator_Character_BP_C,Ornithocheirus_Character_BP_C,Ouranosaurus_Character_BP_C,Pinacosaurus_Character_BP_C,Postosuchus_Character_BP_C,Prionosuchus_Character_BP_C,Pyroraptor_Character_BP_C,Saltasaurus_Character_BP_C,Scelidosaurus_Character_BP_C,Siamosaurus_Character_BP_C,Tsintaosaurus_Character_BP_C,Venenosaurus_Character_BP_C,Yangchuanosaurus_Character_BP_C,Zuniceratops_Character_BP_C,Anteo_Character_BP_C,Anthraco_Character_bp_C,ShadApato_Character_BP_C,Archaeoindris_Character_BP_C,Balaur_Character_BP_C,Banguela_Character_BP_C,Belluasaurus_Character_BP_C,Binturong_Character_bp_C,Brachau_Character_BP_C,ShadCamara_Character_bp_C,Cedarosaurus_Character_bp_C,ChunkyKing_Character_BP_C,Daspletosaurus_Character_BP_C,BigYeen_Character_BP_C,Epanterias_Character_BP_C,Eryops_Character_bp_C,Europa_Character_bp_C,Fasola_Character_BP_C,Goyle_Character_BP_C,Harpa_character_bp_C,Herra_Character_BP_C,IchVen_Character_BP_C,Lucanidae_Character_bp_C,Metriac_Character_BP_C,Narwy_Character_BP_C,Nigersaurus_Character_bp_C,Ox_Character_BP_C,Penta_Character_bp_C,Phosphato_Character_bp_C,Plateo_Character_BP_C,Taco_Character_bp_C,Qian_Character_BP_C,Raja_Character_BP_C,RedPanda_Character_bp_C,Rhizo_Character_bp_C,Pelta_Character_BP_C,Segno_Character_BP_C,Shantung_Character_BP_C,Shuno_Character_BP_C,Sinotyrannus_Character_BP_C,Squalicorax_Character_BP_C,AC2Stygi_Character_BP_C,AC2Styraco_Character_bp_C,Tarbo_Character_BP_C,Dreadweaver_Character_BP_C,Torosaur_Character_BP_C,Ac2Torvo_Character_bp_C,ShadTyrannotitan_Character_BP_C,Valli_Character_BP_C,Camel_MM_Character_BP_C,Cat_Character_BP_C,ExoticBird_Character_BP_C,Gecko_Character_BP_C,Hare_Character_BP_C,Avesowl_Character_BP_C,A_Owl_Character_BP_C,Snowleopard_character_BP_C,Raven_MM_Character_BP_C,Capra_MM_Character_BP_C,Acroph_Character_bp_C,Anomalo_Character_bp_C,Arganodus_Character_bp_C,Arowana_Character_bp_C,Broadtooth_Character_bp_C,Chinlea_Character_bp_C,Crypto_Character_bp_C,Dinichthys_Character_bp_C,Eastman_Character_BP_C,Fiddler_Character_BP_C,Octopus_Character_bp_C,VSquid_Character_bp_C,GoliathTigerfish_Character_bp_C,Goonch_Character_bp_C,Hammerhead_Character_bp_C,GreatWhite_Character_bp_C,Hydrarchos_Character_BP_C,Hydrothero_Character_BP_C,Kronosaurus_Character_bp_C,LeopardSeal_Character_BP_C,Lungfish_Character_bp_C,Ophthal_Character_bp_C,Orca_Character_BP_C,Perch_Character_bp_C,Pike_Character_bp_C,Piraiba_Character_bp_C,Protostega_Character_bp_C,Saltie_Character_BP_C,Shoni_Character_bp_C,TigerShark_Character_bp_C,TitanSailfish_Character_BP_C,Tylo_Character_bp_C,Walrus_Character_BP_C,Zygo_Character_BP_C
,Description,deeper ocean,bigger rex,"beach, small megachelon",larger bronto,dunes make sense,ice allo,bigger crocodile,larger elephant,shallow-mid ocean,ice biome,shallow-mid ocean,"smaller rex, carno similar",allo similar,big iguanodon,rhino,little stronger saber,swamp,allo similar,slower raptor,yuty similar,raptor similar,parasaur similar,cute pet,"big dolphin, mega",sabertooth,"big bary, allo ",leedsychtis,snow,"whale, ocean",smaller tuso,monkey shoulderpet,savannah,jungle,"agressive turtle, dunes maybe","livyathan, deep ocean","parrot, jungle, beach","seahorse, middle ocean",similar ichty,deepsea moray,"fish, river",savannah,"cat, idk",rhino badlands,"its a crocodile, rather fast on land","huge friendly manta ray, ocean",similar yuty (desert yuty spawns),similar scorpion,similar to raptor,"agressive herbivore, egg laying",large coelacanth,larger raptor,"fantasy rex, larger",similar to rex,similar trilobite,"smaller mosa, still scary",deep ocean,thyla similar,stego + kentro,larger terror bird,similar diplodocus,larger rex,larger rex,"huugee iguanodon, neutral",larger triceratops,little carnivore,allo + rex in one,similar to pelagornis,"friendly, swamp iguano",smaller anky,"redwoods, carno/allo, egg laying",ocean,"allo, rex similar",diplo - bronto,"beach, shoulder pet","similar to spino, neutral",similar to parasaur,similar to bronto,"rex, snow",similar to trike,"badlands, larger sabertooth","river, swamp",similar bronto,"docile lemur, jungle",docile raptor,"mini pt, redwoods, weird spawning",similar rex,"shoulder pet, jungle",similar mosa,similar bronto,similar bronto,"bigger stego/kentro, non-agressive",friendly bigger rex,sabre / thyla,allo / rex,"swamp, neutral magalania",similar bronto,"faster rex, mountains",similar kentro,similar argy,similar carno,bigger baryonyx,"docile stag beetle, redwoods","similar carno, allo",similar megalodon,agressive diplo - bronto,docile spino,agressive extinction trike,"beach, similar pt","skittish raptor, jungle",neutral jungle,similar megalosaurus,similar allo,"shoulder pet, jungle",river ideally,larger anky,"docile theri, plains",agressive large iguano,similar bronto,furry allo,rare freshwater shark,agressive pachyceph,similar trike,similar rex,similar mantis,similar trike,similar rex,similar rex,similar baryonyx,savannah,its a cat,jungle,jungle,plains,"jungle, small owl",snow,snow,mountains,"its a goat, badlands",dolphin,deepsea,river ideally,river ideally,similar megalodon,river ideally,similar plesio,similar dunkleo,similar dunkleo,"beach, shoulder pet",similar megalodon,dark ocean,"river, swamp",river ideally,similar megalodon,similar megalodon,similar megalodon,similar plesio,mosa similar,snow water,river ideally,similar dolphin,similar megalodon,similar coel,river ideally,"river, swamp","ocean, turtle",similar sarco,similar mosa,similar megalodon,similar megalodon,"smaller mosa, still scary","snow, maybe water",similar megalodon
Beach,EntryWeight,,,,,,,,,,,,,,,,,,,,,,0.05,,,,,,,,,0.03,,,r,,,,,,,,,,,,,,,,,,,,,,,,,,,,,,,,,,,,,,,,r,,,,,0.05,,,,,,,,,,,,,,,,,,,,,,r,,r,,,,,,,,,,,,,,,,,,,,,,,,,r,r,,,,,,,,,,,,,,,,,,,r,,,,,,,,,,,,,,,,,,,,,,,,
DinoSpawnEntriesBeach_C,Limit,,,,,,,,,,,,,,,,,,,,,,0.03,,,,,,,,,0.015,,,,,,,,,,,,,,,,,,,,,,,,,,,,,,,,,,,,,,,,,,,,,,,,0.04,,,,,,,,,,,,,,,,,,,,,,,,,,,,,,,,,,,,,,,,,,,,,,,,,,,,,,,,,,,,,,,,,,,,,,,,,,,,,,,,,,,,,,,,,,,,,
Jungle,EntryWeight,,,,,,,,,,,,r,,,,,,,,,,,,,r,r,,,,,,r,,,,,,,,,,,,,,r,,,,,,,r,,,,,r,,,,,,r,,,,,,,,,,0.03,,,,,0.05,,,,,,,,,,,,,,,,,,,,,r,,,0.01,,r,,,,,,r,,,,,,,,r,,,,,,0.02,,,,,0.02,r,0.015,,0.01,,,,,,,,,,,,,,,,,,,,,,,,,,,,,,,,,,,,,,
DinoSpawnEntriesJungle_C,Limit,,,,,,,,,,,,,,,,,,,,,,,,,,,,,,,,,,,,,,,,,,,,,,,,,,,,,,,,,,,,,,,,,,,,,,,,,,0.015,,,,,0.04,,,,,,,,,,,,,,,,,,,,,,,,0.01,,,,,,,,,,,,,,,,,,,,,,0.02,,,,,0.02,,0.015,,0.01,,,,,,,,,,,,,,,,,,,,,,,,,,,,,,,,,,,,,,
RedWood LI,EntryWeight,,r,,,,,,,,,,0.03,,,,,,,,,,,,,0.05,,,,,,,,,,,,,,,,0.04,,,,,,,,,,,,,,,,,,,,,,,,,,,,,,,,,,,,,,,,,,,,,,,,,,,,,,,,,,,0.04,,0.01,,,,,,,,,,,,,,,0.01,,0.0018,,0.03,,,,,,,,,r,r,,r,,,,,,,,,,,,,,,,,,,,,,,,,,,,,,,,,,,,,,,
DinoSpawnEntriesRedwoods_LostIsland_C,Limit,,,,,,,,,,,,0.02,,,,,,,,,,,,,0.03,,,,,,,,,,,,,,,,0.015,,,,,,,,,,,,,,,,,,,,,,,,,,,,,,,,,,,,,,,,,,,,,,,,,,,,,,,,,,,0.04,,0.01,,,,,,,,,,,,,,,0.01,,0.0018,,0.03,,,,,,,,,,,,,,,,,,,,,,,,,,,,,,,,,,,,,,,,,,,,,,,,,,,
Mountain,EntryWeight,,,,,,,,,,,,,0.03,,,r,,0.03,,,,,,,,,,,,,,,,,,,,,,,,,,,,,,,,,,,0.035,,,,,,,,0.03,,,,,r,,,,,,r,,,,,,,r,,,,,,,,,,,,,,,,,,,0.035,,0.04,,,,,,,,,,,,,,,,,,,,,,,,,,,,,,,,,,,,,r,r,,,,,,,,,,,,,,,,,,,,,,,,,,,,,,,,,,
DinoSpawnEntriesMountain_C,Limit,,,,,,,,,,,,,0.02,,,,,0.02,,,,,,,,,,,,,,,,,,,,,,,,,,,,,,,,,,,0.02,,,,,,,,0.02,,,,,,,,,,,,,,,,,,,,,,,,,,,,,,,,,,,,,0.035,,0.04,,,,,,,,,,,,,,,,,,,,,,,,,,,,,,,,,,,,,,,,,,,,,,,,,,,,,,,,,,,,,,,,,,,,,,,,
SE Dunes,EntryWeight,,,,,,,,,,,,,,,,,,,,,,,,,,,,,,,,,,0.02,,,,,,,,,,,,0.03,0.03,,,,,,,,,,,,,,,,,,,,,r,,,,,r,,,,,,,,,,,,,,,,,,,,,,,,,,,,,,,,,,0.025,,,,,,,,,,,,,,,,,,,,,,,,,,,,,,,,,,,,,,,,,,,,,,,,,,,,,,,,,,,,,,,,,
SE_DinoSpawnEntriesDunes_C,Limit,,,,,,,,,,,,,,,,,,,,,,,,,,,,,,,,,,0.015,,,,,,,,,,,,0.02,0.02,,,,,,,,,,,,,,,,,,,,,,,,,,,,,,,,,,,,,,,,,,,,,,,,,,,,,,,,,,,,0.025,,,,,,,,,,,,,,,,,,,,,,,,,,,,,,,,,,,,,,,,,,,,,,,,,,,,,,,,,,,,,,,,,
SE Oasis,EntryWeight,,,,0.03,,,,,,,,,r,0.02,,,,,,,,,,,,,,,,,,,,,,0.04,,,,,0.04,,,r,,,,,0.05,,,,,,,,,,,,,,,,,,,,,,,,0.075,,,,0.025,,,,,0.03,,0.04,,,,,,0.03,,,,,,0.025,,,,,,,,,,,,,,,,,,,,,,0.05,,,,,,,,,,,r,,0.03,0.02,,0.015,,,,,,,,,,,,,,0.03,,,,,,,,,,,,,,,,,,,,,,,,
SE_DinoSpawnEntriesOasis_C,Limit,,,,0.02,,,,,,,,,,0.02,,,,,,,,,,,,,,,,,,,,,,0.025,,,,,0.02,,,,,,,,0.02,,,,,,,,,,,,,,,,,,,,,,,,0.02,,,,0.02,,,,,0.02,,0.03,,,,,,0.03,,,,,,0.025,,,,,,,,,,,,,,,,,,,,,,0.025,,,,,,,,,,,,,0.02,0.015,,0.015,,,,,,,,,,,,,,0.02,,,,,,,,,,,,,,,,,,,,,,,,
Swamp,EntryWeight,,,,,,,,,,,,,,,,,,,,,,,,,,,,,,,,,,,,,,,,,,,,,,,,,,,,,,,,,,,,,,,,,,,,,,,,,,,0.025,,,,,,,,,,,,,,,,,,,,,,,,,,0.03,r,r,,,,,,,,,,,,,,,,,,,,,,,,,,,,,r,,,,,,,,,,,,,,,,,,,,,,,,,,,,,,,,,,,,,,,,
DinoSpawnEntriesSwamp_C,Limit,,,,,,,,,,,,,,,,,,,,,,,,,,,,,,,,,,,,,,,,,,,,,,,,,,,,,,,,,,,,,,,,,,,,,,,,,,,0.02,,,,,,,,,,,,,,,,,,,,,,,,,,0.03,,,,,,,,,,,,,,,,,,,,,,,,,,,,,,,,,,,,,,,,,,,,,,,,,,,,,,,,,,,,,,,,,,,,,,,
Grassland,EntryWeight,,,,,,,,,,,,,,,,,,r,,,0.045,,,,,,,,,,,,,,,,,,,,r,,,,,,,,r,,,,,,,,,,,,r,,,,,r,,,,,,,,0.03,,,,,,,,,,,,,,,,,0.025,,r,r,,0.025,,r,,,,,0.03,,,,,,,,,,,,,,,,,,,,,r,,r,r,,,,,,0.02,,,,,,,,,,,,,,,,,,,,,,,,,,,,,,,,,,,,,,,
DinoSpawnEntriesGrassland_C,Limit,,,,,,,,,,,,,,,,,,,,,0.03,,,,,,,,,,,,,,,,,,,,,,,,,,,,,,,,,,,,,,,,,,,,,,,,,,,,,0.02,,,,,,,,,,,,,,,,,0.025,,,,,0.025,,,,,,,0.02,,,,,,,,,,,,,,,,,,,,,,,,,,,,,,0.01,,,,,,,,,,,,,,,,,,,,,,,,,,,,,,,,,,,,,,,
SE Badlands,EntryWeight,,,,,,,,,,,,,,,,,,0.02,,,r,,r,,,r,,,,,,,,,,,,,,,,,0.2,,,,,0.02,,,,,0.035,,,,,,,,,,,r,,0.04,,,,,,,r,,,,,,,0.03,,,,,,,,,,,,,,,,0.025,,r,,,,,,,,,,,,,,,,,,,0.025,,0.025,,,,,,,,,,0.015,,,,,,,,,,,,,,,,,,,,,,,,,,,,,,,,,,,,,,,,,,,
SE_DinoSpawnEntriesBadlands_C,Limit,,,,,,,,,,,,,,,,,,0.025,,,,,,,,,,,,,,,,,,,,,,,,,0.2,,,,,0.02,,,,,0.02,,,,,,,,,,,,,0.03,,,,,,,,,,,,,,0.02,,,,,,,,,,,,,,,,0.025,,,,,,,,,,,,,,,,,,,,,0.025,,0.025,,,,,,,,,,0.015,,,,,,,,,,,,,,,,,,,,,,,,,,,,,,,,,,,,,,,,,,,
Snow,EntryWeight,,,,,,,,,,,,,,,,,,,,,,,,,,,,,,,,,,,,,,,,,,,,,,,,,,,,,,,,,,,,,,,,,,,,,,,,,,,,,,,,,,,,,,,,,,,,,,,,,,,,,,,,,,,,,,,,,,,,,,,,,,,,,,,,,,,,,,,0.03,,,,,,,,,,,,,,,,,,,,,,,,,,,,,,,,,,,,,
DinoSpawnEntriesSnow_C,Limit,,,,,,,,,,,,,,,,,,,,,,,,,,,,,,,,,,,,,,,,,,,,,,,,,,,,,,,,,,,,,,,,,,,,,,,,,,,,,,,,,,,,,,,,,,,,,,,,,,,,,,,,,,,,,,,,,,,,,,,,,,,,,,,,,,,,,,,0.02,,,,,,,,,,,,,,,,,,,,,,,,,,,,,,,,,,,,,
SE Canyon,EntryWeight,,0.04,,,,,,,,,,,,,,0.034,,,,,r,,r,,,r,,,,,,,,,,,,,,,,,,,,,,0.02,,,,,r,,,,,,,,,,,,,,,,,,,,,r,,,,,,,,,,,,,,,,,,,,0.03,,,,0.035,,,,,,,,,0.025,,,,0.025,,,,,,,,,,,,,,,,,,,,,,,,,,0.03,,,,,,,,,,,,,,,,,,,,,,,,,,,,,,,,,,,
SE_DinoSpawnEntriesCanyons_C,Limit,,0.025,,,,,,,,,,,,,,0.02,,,,,,,,,,,,,,,,,,,,,,,,,,,,,,,,0.02,,,,,,,,,,,,,,,,,,,,,,,,,,,,,,,,,,,,,,,,,,,,,,0.02,,,,0.035,,,,,,,,,0.025,,,,0.025,,,,,,,,,,,,,,,,,,,,,,,,,,0.02,,,,,,,,,,,,,,,,,,,,,,,,,,,,,,,,,,,
SE Mountain,EntryWeight,,0.04,,,,,,,,,,,0.03,,,0.034,,,,,,,,,0.05,,,,,,,,,,,,,,,,,,,,,,,0.02,,,,,0.035,,,,,,,,,,,,,0.04,,,,,,r,,,,,,,r,0.03,,,,,,,,,,,,,,,,,,0.035,,,,,,,,,,,,,0.025,,,,,,,,,,,,,,,,,,,,,,,,,,0.03,0.03,,,,,,,,,,,,,,,,,,,,,,,,,,,,,,,,,,
SE_DinoSpawnEntriesMountain_C,Limit,,0.025,,,,,,,,,,,0.02,,,0.02,,,,,,,,,0.03,,,,,,,,,,,,,,,,,,,,,,,0.02,,,,,0.02,,,,,,,,,,,,,0.03,,,,,,,,,,,,,,0.02,,,,,,,,,,,,,,,,,,0.035,,,,,,,,,,,,,0.025,,,,,,,,,,,,,,,,,,,,,,,,,,0.02,0.02,,,,,,,,,,,,,,,,,,,,,,,,,,,,,,,,,,
SE Green Desert,EntryWeight,,,,0.03,,,,,,,,,,0.03,,,,,0.08,,,,,,,,,,,,,,0.02,,,0.04,,,,,r,,r,,,r,,,0.05,,,,,,,,,,,,,,0.06,,,,,0.065,,,,,0.075,0.03,,,0.025,,,,,0.025,,,,,,,,0.03,0.025,,,,,,,,,,,,0.025,,,,,,0.025,,,,,,,,,,,,,,,,,,,,0.03,,0.03,,0.025,,,,,,,,,,,,,,,,,,,,,,,,,,,,,,,,,,,,,,,
SE_DinoSpawnEntriesGreenDesert_C,Limit,,,,0.02,,,,,,,,,,0.02,,,,,0.03,,,,,,,,,,,,,,0.02,,,0.025,,,,,,,,,,,,,0.02,,,,,,,,,,,,,,0.04,,,,,0.05,,,,,0.03,0.02,,,0.02,,,,,0.025,,,,,,,,0.03,0.025,,,,,,,,,,,,0.025,,,,,,0.025,,,,,,,,,,,,,,,,,,,,0.03,,0.02,,0.015,,,,,,,,,,,,,,,,,,,,,,,,,,,,,,,,,,,,,,,
Snow Shoreline,EntryWeight,,,,,,0.045,,,,0.023,,,,,0.07,,,,,0.03,,,,,,,,0.03,,,,,,,,,,,,,,,,,,,,,,,,,,,,,,,,,,,,,,,,,,,,,,,,,,0.06,,,,,,,,,,,,,,,,,,,,,,,,,,,,,,,,,,,,,,,,,0.025,,,,,,,,,,,,,,,,0.03,0.03,,,,,,,,,,,,,,,,,,,,,,,,,,,,,,,,,,,,
DinoSpawnEntriesSnowShoreline_PGM_C,Limit,,,,,,0.045,,,,0.023,,,,,0.05,,,,,0.03,,,,,,,,0.03,,,,,,,,,,,,,,,,,,,,,,,,,,,,,,,,,,,,,,,,,,,,,,,,,,0.05,,,,,,,,,,,,,,,,,,,,,,,,,,,,,,,,,,,,,,,,,0.025,,,,,,,,,,,,,,,,0.02,0.02,,,,,,,,,,,,,,,,,,,,,,,,,,,,,,,,,,,,
Monster Island,EntryWeight,,0.07,,,,,,,,,,,,,,,,0.02,,,,,,,,,,,,,,,,,,,,,,,,,,,,0.02,,,,,r,0.07,,,,,,0.05,,,0.05,,,,,,,,,,,,,,,,,,,,,,,,,0.07,,,,,,,,0.07,,,,,,,,,,,,,,,,,,r,,,,,,,,,,,0.07,,,,0.07,,,,,,,,,,,,,,,,,,,,,,,,,,,,,,,,,,,,,,,,,,,,,
DinoSpawnEntriesMonsterIsland_C,Limit,,0.05,,,,,,,,,,,,,,,,0.025,,,,,,,,,,,,,,,,,,,,,,,,,,,,0.015,,,,,,0.05,,,,,,0.04,,,0.04,,,,,,,,,,,,,,,,,,,,,,,,,0.05,,,,,,,,0.05,,,,,,,,,,,,,,,,,,,,,,,,,,,,,0.05,,,,0.05,,,,,,,,,,,,,,,,,,,,,,,,,,,,,,,,,,,,,,,,,,,,,
Elemental Chamber,EntryWeight,,0.07,,,,,,,,,,,,,,,,,,,,,,,,,,,,,,,,,,,,,,,,,,,,0.02,,,,,,0.07,,,,,,0.05,,,0.05,,,,,0.07,,,,,,,,,,,,,,,,,,,,0.07,,,,,,,,0.07,,,0.03,,,,,,,,,,,,,,,0.07,,,,,,,0.07,,,,0.07,,,0.07,0.07,,,,,,,,,,,,,,,,,,,,,,,,,,,,,,,,,,,,,,,,,,,,,
CI_DinoSpawnEntries_ElementalChamber_C,Limit,,0.05,,,,,,,,,,,,,,,,,,,,,,,,,,,,,,,,,,,,,,,,,,,,0.015,,,,,,0.05,,,,,,0.04,,,0.04,,,,,0.06,,,,,,,,,,,,,,,,,,,,0.05,,,,,,,,0.05,,,0.03,,,,,,,,,,,,,,,0.05,,,,,,,0.05,,,,0.05,,,0.05,0.05,,,,,,,,,,,,,,,,,,,,,,,,,,,,,,,,,,,,,,,,,,,,,
CI Bog,EntryWeight,,,,,,,,,,,,,,,,,,,,,,,,,,,,,,,,,,,,,,,,,,,,,,,,,,,,,,,,,,,,,,,,,,,,,,,,,,,0.025,,r,,,,,,,,,,,,,,,,,,0.07,,,,,,0.03,,,,,,,,,,,,,,,,,,,,,,,,,,,0.035,,,,,,,,,,,,,,,,,,,,,,,,,,,,,,,,,,,,,,,,,,,,
CI_DinoSpawnEntries_Bog_C,Limit,,,,,,,,,,,,,,,,,,,,,,,,,,,,,,,,,,,,,,,,,,,,,,,,,,,,,,,,,,,,,,,,,,,,,,,,,,,0.02,,,,,,,,,,,,,,,,,,,,0.05,,,,,,0.03,,,,,,,,,,,,,,,,,,,,,,,,,,,0.025,,,,,,,,,,,,,,,,,,,,,,,,,,,,,,,,,,,,,,,,,,,,
Swamp Water,EntryWeight,,,,,,,,,,,,,,,,,0.05,,,,,,,,,0.05,,,,,,,,,,,,,,,,,,0.03,,,,,,,,,,,,,,,,,,,,,,,,,,,,,,,,,,,,,,,,,,,,,,,,,,,,,,,,,,,,,,,,,,,,,,,,,,,,,,,,,,,,,,,,,,,,,,,,,,,,,,,,,,,,,,,,,,,,,,,,,,,,,,,,
DinoSpawnEntries_SwampWater_C,Limit,,,,,,,,,,,,,,,,,0.04,,,,,,,,,0.03,,,,,,,,,,,,,,,,,,0.02,,,,,,,,,,,,,,,,,,,,,,,,,,,,,,,,,,,,,,,,,,,,,,,,,,,,,,,,,,,,,,,,,,,,,,,,,,,,,,,,,,,,,,,,,,,,,,,,,,,,,,,,,,,,,,,,,,,,,,,,,,,,,,,,
CI EmberWyvern,EntryWeight,,,,,,,,,,,,,,,,,,,,,,,,,,,,,,,,,,,,,,,,,,,,,,,,,,,,,,,,,,,,,,,,,,,,,,,,,,,,,,,,,,,,,,,,,,,,,,,,,,,,,,,,,,,,,,,,,,,,,,,,,,,,,,,,,,,,,,,,,,,,,,,,,,,,,,,,,,,,,,,,,,,,,,,,,,,,
CI_DinoSpawnEntries_EmberWyverns_C,Limit,,,,,,,,,,,,,,,,,,,,,,,,,,,,,,,,,,,,,,,,,,,,,,,,,,,,,,,,,,,,,,,,,,,,,,,,,,,,,,,,,,,,,,,,,,,,,,,,,,,,,,,,,,,,,,,,,,,,,,,,,,,,,,,,,,,,,,,,,,,,,,,,,,,,,,,,,,,,,,,,,,,,,,,,,,,,
Pelican,EntryWeight,,,r,,,,,,,,,,,,,,,,,,,,,,,,,,,,,,,,,,,,,,,,,,,,,,,,,,,,,,,,,,,,,,,,,,,,,,,,,,,,,,,,,,,,,,,,,,,,,,,,,,,,,,,,,,,,,,,,,,,,,,,,,,,,,,,,,,,,,,,,,,,,,,,,,,,,,,,,,,,,,,,,,,,,,,,,,
DinoSpawnEntriesPelican_C,Limit,,,,,,,,,,,,,,,,,,,,,,,,,,,,,,,,,,,,,,,,,,,,,,,,,,,,,,,,,,,,,,,,,,,,,,,,,,,,,,,,,,,,,,,,,,,,,,,,,,,,,,,,,,,,,,,,,,,,,,,,,,,,,,,,,,,,,,,,,,,,,,,,,,,,,,,,,,,,,,,,,,,,,,,,,,,,
Penguins,EntryWeight,,,,,,,,,,,,,,,,,,,,,,,,,,,,,,,,,,,,,,,,,,,,,,,,,,,,,,,,,,,,,,,,,,,,,,,,,,,,,,,,,,,,,,,,,,,,,,,,,,,,,,,,,,,,,,,,,,,,,,,,,,,,,,,,,,,,,,,,,,,,,,,,,,,,,,,,,,,,,,,,,,,,,,,,,,,,
DinoSpawnEntriesPenguins_C,Limit,,,,,,,,,,,,,,,,,,,,,,,,,,,,,,,,,,,,,,,,,,,,,,,,,,,,,,,,,,,,,,,,,,,,,,,,,,,,,,,,,,,,,,,,,,,,,,,,,,,,,,,,,,,,,,,,,,,,,,,,,,,,,,,,,,,,,,,,,,,,,,,,,,,,,,,,,,,,,,,,,,,,,,,,,,,,
Water Tunnels,EntryWeight,,,,,,,,,,,,,,,,,,,,,,,,,,,,,,,,,,,,,,,,,,,,,,,,,,,,,,,,,,,,,,,,,,,,,,,,,,,,,,,,,,,,,,,,,,,,,,,,,,,,,,,,,,,,,,,,,,,,,,,,,,,,,,,,,,,,,,,,,,,,0.04,,,0.04,,0.04,0.04,0.04,,,,,,,,0.04,0.04,,,,,,,,,0.04,,0.04,,,,,0.04
CI_DinoSpawnEntries_WaterTunnels_C,Limit,,,,,,,,,,,,,,,,,,,,,,,,,,,,,,,,,,,,,,,,,,,,,,,,,,,,,,,,,,,,,,,,,,,,,,,,,,,,,,,,,,,,,,,,,,,,,,,,,,,,,,,,,,,,,,,,,,,,,,,,,,,,,,,,,,,,,,,,,,,,0.03,,,0.03,,0.03,0.03,0.03,,,,,,,,0.03,0.03,,,,,,,,,0.03,,0.03,,,,,0.03
Floating Small,EntryWeight,,,,0.03,,,,,,,,,,,,,,,,,0.045,,0.03,,,,,,,,0.03,,0.03,,,0.04,,,,,,0.04,,,,,,,,,,,,,,,,,,,,,,,0.06,,,,0.3,,,,,0.03,,,,,0.03,,,,0.025,0.03,0.05,,0.04,,0.04,,,,,,,0.04,,,,,,0.03,0.03,,,,,,0.04,0.034,,,0.03,,,0.04,,,,,,,,,0.04,,,,,0.03,0.03,0.03,,0.03,,,,,,,,,,,,,,,,,,,,,,,,,,,,,,,,,,,,,,
CI_DinoSpawnEntries_FloatingIslands_Small_C,Limit,,,,0.02,,,,,,,,,,,,,,,,,0.03,,0.02,,,,,,,,0.02,,0.02,,,0.03,,,,,,0.03,,,,,,,,,,,,,,,,,,,,,,,0.05,,,,0.25,,,,,0.02,,,,,0.02,,,,0.025,0.02,0.05,,0.03,,0.03,,,,,,,0.03,,,,,,0.02,0.02,,,,,,0.03,0.034,,,0.02,,,0.04,,,,,,,,,0.03,,,,,0.02,0.02,0.02,,0.02,,,,,,,,,,,,,,,,,,,,,,,,,,,,,,,,,,,,,,
Floating Main,EntryWeight,,,,0.03,,,,,,,,,,,,,,,,,0.045,,0.03,,,,,,,,0.03,,0.03,,,0.04,,,,,,0.04,,,,,,,,,,,,,,,,,,,,,,,0.06,,,,0.3,,,,,0.03,,,,,0.03,,,,0.025,0.03,0.05,,0.04,,0.04,,,,,,,0.04,,,,,,0.03,0.03,,,,,,0.04,0.034,,,0.03,,,0.04,,,,,,,,,0.04,,,,,0.03,0.03,0.03,,0.03,,,,,,,,,,,,,,,,,,,,,,,,,,,,,,,,,,,,,,
CI_DinoSpawnEntries_FloatingIslands_Main_C,Limit,,,,0.02,,,,,,,,,,,,,,,,,0.03,,0.02,,,,,,,,0.02,,0.02,,,0.03,,,,,,0.03,,,,,,,,,,,,,,,,,,,,,,,0.05,,,,0.25,,,,,0.02,,,,,0.02,,,,0.025,0.02,0.05,,0.03,,0.03,,,,,,,0.03,,,,,,0.02,0.02,,,,,,0.03,0.034,,,0.02,,,0.04,,,,,,,,,0.03,,,,,0.02,0.02,0.02,,0.02,,,,,,,,,,,,,,,,,,,,,,,,,,,,,,,,,,,,,,
Ocean,EntryWeight,r,,,,,,,,,,r,,,,,,,,,,,,,,,,,,,,,,,r,r,,,,r,,,,,r,,,,,,,,,,,,,,,,,,,,,,,,,,,r,,,,,,,,,,,,,,,,,r,,,,,,,,,,,,,,,,,,,,,,,,,,,,,,,,,,,,,,,,r,,,,,,,,,,,,r,,,,,,r,,,,,,,,,,r,r,,,,,,,,,r,r,,,,,
DinoSpawnEntries_Ocean_C,Limit,,,,,,,,,,,,,,,,,,,,,,,,,,,,,,,,,,,,,,,,,,,,,,,,,,,,,,,,,,,,,,,,,,,,,,,,,,,,,,,,,,,,,,,,,,,,,,,,,,,,,,,,,,,,,,,,,,,,,,,,,,,,,,,,,,,,,,,,,,,,,,,,,,,,,,,,,,,,,,,,,,,,,,,,,,,,
Dark Water Angler,EntryWeight,0.04,,,,,,,,,,,,,,,,,,,,,,,,,,,,,0.04,,,,0.04,0.04,,,,,,,,,,0.04,,,,,,,,,,,,,,,,,,,,,,,,,,,,,,,,,,,,,,,,,,,0.04,,,,,,,,,,,,,,,,,,,,,,,,,,,,,,,,,,,,,,,,,,,,,,,,,,,0.04,0.04,,,0.04,,0.04,0.04,,,,,,,0.04,0.04,,0.04,,,,0.04,0.03,,,,0.04,,0.04,0.04,0.04,0.04,,0.04
DinoSpawnEntries_DarkWaterAngler_C,Limit,0.03,,,,,,,,,,,,,,,,,,,,,,,,,,,,,0.03,,,,0.01,0.01,,,,,,,,,,0.03,,,,,,,,,,,,,,,,,,,,,,,,,,,,,,,,,,,,,,,,,,,0.03,,,,,,,,,,,,,,,,,,,,,,,,,,,,,,,,,,,,,,,,,,,,,,,,,,,0.03,0.03,,,0.03,,0.03,0.03,,,,,,,0.03,0.03,,0.03,,,,0.03,0.02,,,,0.03,,0.03,0.03,0.03,0.03,,0.03
Inland Water,EntryWeight,,,,,,,,,,,,,,,,,,,,,,,,,,0.05,,,,,,,,,,,,,,,,,,0.04,,,,,,,,,,,,,,,,,,,,,,,,,,,0.035,,,,,,,,,,,,,,,,,,,,,,,,,,,,,,,,,,,,,,,,,,,,,,,,,,,,,,,,,,,,,,,,,,,,,,,,,,,,,,,,,,,,,,,,,,,,,,,0.025,,0.035,,,,
DinoSpawnEntries_InlandWater_C,Limit,,,,,,,,,,,,,,,,,,,,,,,,,,0.02,,,,,,,,,,,,,,,,,,0.03,,,,,,,,,,,,,,,,,,,,,,,,,,,0.025,,,,,,,,,,,,,,,,,,,,,,,,,,,,,,,,,,,,,,,,,,,,,,,,,,,,,,,,,,,,,,,,,,,,,,,,,,,,,,,,,,,,,,,,,,,,,,,0.025,,0.025,,,,
Redwood Water,EntryWeight,,,,,,,,,,,,,,,,,,,,,,,,,,,,,,,,,,,,,,,,,,,,,,,,,,0.04,,,,,,,,,,,,,,,,,,,,,0.035,,,,,,,,,,,,,,,,,,,,,,,,,,,,,,,,,,,,,,,,,,,,,,,,,0.03,,,,,,,,,,,,,,,,,,,,,,,,,,,,,,,,,,,,,,,,,,,,,,,,,,,,
DinoSpawnEntries_RedwoodWater_C,Limit,,,,,,,,,,,,,,,,,,,,,,,,,,,,,,,,,,,,,,,,,,,,,,,,,,0.03,,,,,,,,,,,,,,,,,,,,,0.025,,,,,,,,,,,,,,,,,,,,,,,,,,,,,,,,,,,,,,,,,,,,,,,,,0.025,,,,,,,,,,,,,,,,,,,,,,,,,,,,,,,,,,,,,,,,,,,,,,,,,,,,
Shallow Water,EntryWeight,,,,,,,r,,,,,,,,,,,,,,,,,,,,,,,,,,,,,,,,,,,,,r,,,,,,0.04,,,,,,,,,,,,,,,,,,,,,,,,,,,,,,,r,,,,,,,,,,,,,,,,,,,,r,,,,,,,,,,,,,,,,,,,r,,,,,,,,,,,,,,,,,,,,,,,,,,,,,,,,,,,,,,,,,,,,,,r,,r,,,,
DinoSpawnEntries_ShallowWater_C,Limit,,,,,,,,,,,,,,,,,,,,,,,,,,,,,,,,,,,,,,,,,,,,,,,,,,0.03,,,,,,,,,,,,,,,,,,,,,,,,,,,,,,,,,,,,,,,,,,,,,,,,,,,,,,,,,,,,,,,,,,,,,,,,,,,,,,,,,,,,,,,,,,,,,,,,,,,,,,,,,,,,,,,,,,,,,,,,,,
Deep Water,EntryWeight,,,,,,,,,,,,,,,,,,,,,,,,,,,r,,,,,,,r,,,r,r,,r,,,,,,,,,,,,,,,,,,,,,,,,,,,,,,,,,,,,,,,,,,,,,,,,0.04,,,,,,,,,,,,,,,,,,,,,,,,,,,,,,,,,,,,,,,,,,,,,,,,,,,,,,,,,,,,,,,,,,,,,,,,,,,,,,,,0.04,,,,0.04
DinoSpawnEntries_DeepWater_C,Limit,,,,,,,,,,,,,,,,,,,,,,,,,,,,,,,,,,,,,,,,,,,,,,,,,,,,,,,,,,,,,,,,,,,,,,,,,,,,,,,,,,,,,,,,0.03,,,,,,,,,,,,,,,,,,,,,,,,,,,,,,,,,,,,,,,,,,,,,,,,,,,,,,,,,,,,,,,,,,,,,,,,,,,,,,,,0.03,,,,0.03
Twitch Bio Water,EntryWeight,,,,,,,,,0.04,,0.085,,,,,,,,,,,,,,,,,,,,,,,,,,,,,,,,,,,,,,,,,,,,,,,,,,,,,,,,,,,,,,,,,,,,,,,,,,,,,,,,,,,,,,,,,,,,,,,,,,,,,,,,,,,,,,,,,,,,,,,,,,,,,,,,,0.04,,,,,,,,,0.04,0.04,,,,,,,,,,,,,,,,,,,,,,
AB_DinoSpawnEntries_TwitchBioWater_C,Limit,,,,,,,,,0.03,,0.03,,,,,,,,,,,,,,,,,,,,,,,,,,,,,,,,,,,,,,,,,,,,,,,,,,,,,,,,,,,,,,,,,,,,,,,,,,,,,,,,,,,,,,,,,,,,,,,,,,,,,,,,,,,,,,,,,,,,,,,,,,,,,,,,,0.03,,,,,,,,,0.03,0.03,,,,,,,,,,,,,,,,,,,,,,
Dark Water,EntryWeight,,,,,,,,,,,,,,,,,,,,,,,,,,,,,,,,,,0.04,,,,,,,,,,,,,,,,,,,,,,,,,,,,,,,,,,,,,,,,,,,,,,,,,,,,,,,,,,,,,,,,,,,,,,,,,,,,,,,,,,,,,,,,,,,,,,,,,,,,,,,,,,,,,,,,,,,,,,,,0.04,0.04,,,,,,,,,,,,,,,,,
DinoSpawnEntries_DarkWater_C,Limit,,,,,,,,,,,,,,,,,,,,,,,,,,,,,,,,,,0.02,,,,,,,,,,,,,,,,,,,,,,,,,,,,,,,,,,,,,,,,,,,,,,,,,,,,,,,,,,,,,,,,,,,,,,,,,,,,,,,,,,,,,,,,,,,,,,,,,,,,,,,,,,,,,,,,,,,,,,,,0.03,0.03,,,,,,,,,,,,,,,,,
Devils Water,EntryWeight,0.04,,,,,,,,,,,,,,,,,,,,,,,,,,,,,,,,,,0.04,,,,,,,,,,,,,,,,,,,,,,,,,,,,,,,,,,,,,,,,,,,,,,,,,,,,,0.04,,,,,,,,,,,,,,,,,,,,,,,,,,,,,,,,,,,,,,,,,,,,,,,,,,,,0.04,,,0.04,,0.04,,,,0.04,0.04,,,,,,0.04,0.04,,,,,,,,,,0.04,,,0.02,,0.04
CI_DinoSpawnEntries_DevilsWater_C,Limit,0.03,,,,,,,,,,,,,,,,,,,,,,,,,,,,,,,,,,0.03,,,,,,,,,,,,,,,,,,,,,,,,,,,,,,,,,,,,,,,,,,,,,,,,,,,,,0.03,,,,,,,,,,,,,,,,,,,,,,,,,,,,,,,,,,,,,,,,,,,,,,,,,,,,0.03,,,0.03,,0.03,,,,0.03,0.03,,,,,,0.03,0.03,,,,,,,,,,0.03,,,0.02,,0.03
Twitch Fertile Water Easy,EntryWeight,,,,,,,,,0.04,,0.085,,,,,,,,,,,,,0.08,,,,,,,,,,,,,,,,,,,,,,,,,,,,,,,,,,,,,,,,,,,,,,,,,,,,,,,,,,,,,,,,,,,,,,,,,,,,,,,,,,,,,,,,,,,,,,,,,,,,,,,,0.04,,,,,,,,,,,0.04,,,,0.04,,,,,,,,,,0.04,0.04,0.04,,,,,0.04,0.04,,,,0.04,,,0.04,0.04,,,0.04
AB_DinoSpawnEntries_TwitchFertileWaterEasy_C,Limit,,,,,,,,,0.03,,0.02,,,,,,,,,,,,,0.04,,,,,,,,,,,,,,,,,,,,,,,,,,,,,,,,,,,,,,,,,,,,,,,,,,,,,,,,,,,,,,,,,,,,,,,,,,,,,,,,,,,,,,,,,,,,,,,,,,,,,,,,0.03,,,,,,,,,,,0.03,,,,0.03,,,,,,,,,,0.03,0.03,0.03,,,,,0.03,0.03,,,,0.04,,,0.03,0.03,,,0.03