Beach Generic,22,Dearc,0.075,0.3,Siamosaurus,0.025,0.1,Tsintaosaurus,0.125,0.25,Scelidosaurus,0.08,0.22,Gandakasia,0.1,0.12,Jackrabbit,0.15,0.1,OstrichMoa,0.05,0.05,DraconyxCallovosaurus,0.1,0.1,Scotoharpes,0.5,0.025,Lycosuchus,0.055,0.1,Meiolania,0.01,/,Camarillasaurus,0.1,/,Protoceratops,0.1,0.09,Globster,0.045,/,Nothosaurus,0.05,0.002,Pakasuchus,0.02,0.02,Angaturama,0.01,0.01,Austroraptor,0.04,0.04,Deltadromeus,0.03,0.03,Phosphatodraco,0.025,0.025,Vallibonavenatrix,0.01,0.01,Minmi,0.1,0.1,Walliserops,0.09,/,Styracosaurus,0.1,0.15,Stygimoloch,0.05,0.1,ChickenMihirung,0.08,0.08,Moo-CowBos,0.08,0.06,Ursus AmericanusProtarctos,0.025,0.025,MockatooMacaw,0.03,0.04,Greater MoschopsUlemosaurus,0.02,0.03,Tropical Crystal Wyvern,0.03,0.04
Rag Jungle,40,Venoraptor,0.025,0.05,Atlas Flying FoxPteropus,0.025,0.025,RazortoothDryptosaurus,0.01,0.01,Shieldhorn,0.025,0.025,Gigantophis,0.004,0.005,DraconyxCallovosaurus,0.1,0.1,Bombardier Beetle,0.03,0.05,Lycosuchus,0.055,0.1,Adasaurus,0.055,0.1,Megistotherium,0.03,/,Meiolania,0.15,/,Mischoptera,0.01,/,Nothosaurus,0.2,0.005,Eocarcharia,0.0175,0.06,Daemonis,0.025,0.05,Male Bastion Beetle,0.025,0.025,Female Bastion Beetle,0.025,0.025,Bastion Larvae,0.025,0.025,Monolophosaurus,0.035,0.03,Noxcalvasaurus,0.02,0.02,Dryosaurus,0.02,0.02,Pakasuchus,0.02,0.02,Aerosteon,0.01,0.01,Angaturama,0.02,0.02,Erythrosaurus,0.025,0.025,Gigatitan,0.015,0.015,Iguanacolossus,0.04,0.035,Ogre Darner,0.015,0.015,Skorpiovenator,0.035,0.035,Plateosaurus,0.15,0.1,Muttaburrasaurus,0.0225,0.035,Thorax Spider,0.07,0.08,MockatooMacaw,0.05,0.05,Kretzoiarctos,0.015,0.015,Ursus AmericanusProtarctos,1.0,0.025,Lirainosaurus,0.03,0.1,Sinornithoides,0.075,0.1,Jackrabbit,0.075,0.1,Camarillasaurus,0.04,0.1,Sivatherium,0.03,0.03,Runic Lantern Halo Wyvern,0.03,0.03,Red Panda,0.03,0.04,Star GeckoGekko,0.02,0.03,Greater MoschopsUlemosaurus,0.03,0.04,(Appa) GallimimusQiupalong,0.03,0.04,Cosmo,0.05,0.05,Sinomacrops,0.03,0.04,Yi Ling,0.03,0.04
Grasslands Generic,21,Nasutoceratops,0.05,0.13,Neimongosaurus,0.025,0.35,Neovenator,0.05,0.1,Pyroraptor,0.15,0.07,Anzu,0.06,0.1,Zuniceratops,0.1,0.22,Pinacosaurus,0.1,0.27,EdmontosaurusAnatosaurus,0.15,0.08,Gomphotherium,0.65,0.2,Jackrabbit,0.15,0.1,OstrichMoa,0.15,0.1,CobraPalaeophis,0.064,/,Edmontonia,0.0275,0.025,DraconyxCallovosaurus,0.1,0.1,Megistotherium,0.05,/,Meiolania,0.01,/,Antrodemus,0.075,0.05,Eocarcharia,0.0175,0.06,Daemonis,0.08,0.05,Dzungariotherium,0.02,0.05,Male Bastion Beetle,0.025,0.025,Female Bastion Beetle,0.025,0.025,Bastion Larvae,0.025,0.025,Angaturama,0.02,0.02,Apatosaurus,0.015,0.02,Edmontosaurus,0.03,0.03,Epanterias,0.025,0.025,Erythrosaurus,0.025,0.025,Gargoyleosaurus,0.02,0.02,Iguanacolossus,0.035,0.035,InostranceviaPravoslavlevia,0.02,0.02,Magnapaulia,0.014,0.014,Torosaurus,0.035,0.035,Tyrannotitan,0.0125,0.0125,Brachiosaurus,0.0425,0.015,Meraxes,0.09,0.095,Skjaldastordr AnkyloAnodontosaurus,0.1,0.09,BoarHogMetridiochoerus,0.04,0.04,ChickenMihirung,0.08,0.08,Moo-CowBos,0.08,0.06,Ursus AmericanusProtarctos,0.025,0.025,Clay Greater TrikePentaceratops,0.02,/,Saltasaurus,0.03,0.1,Greater MoschopsUlemosaurus,0.03,0.04,Maewing,0.04,0.04,Yi Ling,0.01,0.02
Rag Scotland,32,Gigantophis,0.004,0.005,Lycosuchus,0.055,0.1,Megistotherium,0.01,/,Meiolania,0.15,/,Europasaurus,0.06,0.025,Skyshroud Drakara,0.025,0.04,Bloodfang Drakara,0.025,0.04,Pyro Drakara,0.025,/,Rubidgea,1,0.025,Antrodemus,0.01,0.05,Eocarcharia,0.0175,0.06,Tyrannodominator,0.02,/,Plateosaurus,0.15,0.1,Diamantinasaurus,0.055,0.06,Muttaburrasaurus,0.015,0.025,Meraxes,0.02,0.05,Skjaldastordr AnkyloAnodontosaurus,0.1,0.09,Red Panda,0.003,0.003,Stegotetrabelodon,0.007,0.005,Clay Rag TrikeRegaliceratops,0.035,/,Clay Greater TrikePentaceratops,0.018,/,Lirainosaurus,0.075,0.1,Massospondylus,0.075,0.1,Gomphotherium,0.07,0.1,OstrichMoa,0.075,0.1,Kurupi,0.04,0.1,Antrodemus,0.04,0.05,Tyrannodominator,0.02,0.04,Epanterias,0.025,0.025,Gargoyleosaurus,0.02,0.02,Xuanhanosaurus,0.05,0.05,YangchuanosaurusShidaisaurus,0.05,0.05,Sivatherium,0.03,0.03,Brachiosaurus,0.03,0.03,Styracosaurus,0.05,0.075,Star GeckoGekko,0.02,0.03,Moo-CowBos,0.04,0.04,(Appa) GallimimusQiupalong,0.03,0.04,Andrewsarchus,0.03,0.04,Maewing,0.04,0.04,Ember Crystal Wyvern,0.03,0.04
Damien Generic,16,Nasutoceratops,0.05,0.1,Neimongosaurus,0.025,0.2,Pinacosaurus,0.1,0.15,Saltasaurus,0.075,0.15,Jackrabbit,0.15,0.1,Enantiophoenix,0.01,/,Meiolania,0.01,/,Skjaldastordr AnkyloAnodontosaurus,0.1,0.09,Pygmy HippoProminatherium,0.1,0.1,Lirainosaurus,0.075,0.1,Gargoyleosaurus,0.02,0.02,YangchuanosaurusShidaisaurus,0.05,0.05,Muttaburrasaurus,0.03,0.03,Sivatherium,0.03,0.03,Brachiosaurus,0.03,0.03,Red Panda,0.02,0.03,Clay AnkyloShamosaurus,0.04,0.04,Amargasaurus,0.03,0.04,Yi Ling,0.03,0.04
Monster Isl Generic,17,Jiangjunosaurus,0.025,/,Mapusaurus,0.025,0.12,Lythronax,0.1,0.15,WAK SpinosaurusIchthyovenator,0.007,0.095,Megistotherium,0.03,/,Spearcrest,0.015,0.015,Torvosaurus,0.03,0.05,Saurophaganax,0.0125,0.05,Epanterias,0.025,0.025,Erythrosaurus,0.025,0.025,Fasolasuchus LoricatusRauisuchus,0.015,0.015,Tyrannotitan,0.0125,0.0125,Xuanhanosaurus,0.03,0.03,YangchuanosaurusShidaisaurus,0.03,0.03,Pyroraptor,0.06,0.1,BoarHogMetridiochoerus,0.04,0.04,Clay AnkyloShamosaurus,0.04,0.04,(Appa) GallimimusQiupalong,0.03,0.04,Maeguana,0.04,0.04
Mountain Generic,22,Pyroraptor,0.15,0.1,Yangchuanosaurus,0.05,0.2,Jiangjunosaurus,0.025,/,Mapusaurus,0.025,0.12,Hatzegopteryx,0.0385,0.088,CobraPalaeophis,0.056,0.05,RattlesnakeWonambi,0.04,0.08,Sulphur Titan,0.05,0.008,Edmontonia,0.0235,0.0175,Skyshroud Drakara,0.0125,0.04,Bloodfang Drakara,0.006,0.04,Pyro Drakara,0.0125,0.04,Spearcrest,0.015,0.015,Rubidgea,0.07,0.15,Angaturama,0.02,0.01,Diabloceratops,0.015,0.015,Fasolasuchus LoricatusRauisuchus,0.015,0.015,Tarchia,0.025,0.025,Tyrannotitan,0.0125,0.0125,Xuanhanosaurus,0.03,0.03,YangchuanosaurusShidaisaurus,0.025,0.025,Runic Quartz Wyvern,0.05,0.05,Skjaldastordr AnkyloAnodontosaurus,0.1,0.09,Clay AnkyloShamosaurus,0.15,/,Clay Greater AnkyloTsagantegia,0.15,/,Clay Greater TrikePentaceratops,0.035,/,Fjordhawk,0.15,0.1,Sinomacrops,0.15,0.1,RazortoothDryptosaurus,0.06,0.1,Titanophoneus,0.04,0.1,Smilodon,0.04,0.06,Skyshroud Drakara,0.025,0.04,Saurophaganax,0.04,0.05,Ogre Darner,0.025,0.025,BoarHogMetridiochoerus,0.04,0.04,Maeguana,0.04,0.04
Redwoods Generic,40,Inostrancevia,0.04,0.1,Postosuchus,0.075,0.2,Kelenken,0.5,0.15,Atlas Flying FoxPteropus,0.025,0.025,RazortoothDryptosaurus,0.01,0.01,Shieldhorn,0.025,0.025,Edmontonia,0.0285,0.0175,Bombardier Beetle,0.07,0.075,Blaze Beetle,0.007,0.075,Blister Beetle,0.007,0.075,Lycosuchus,0.055,0.1,Enantiophoenix,0.05,/,Kurupi,0.02,/,Titanophoneus,0.1,/,Dzungariotherium,0.02,0.05,Male Bastion Beetle,0.025,0.025,Female Bastion Beetle,0.025,0.025,Bastion Larvae,0.025,0.025,Tyrannodominator,0.0075,/,Monolophosaurus,0.03,0.03,Noxcalvasaurus,0.02,0.02,Royal ArchaeopteryxYixianosaurus,0.035,0.035,Aerosteon,0.015,0.015,Albertosaurus,0.03,0.03,Angaturama,0.02,0.02,Cedarosaurus,0.03,0.03,Edmontosaurus,0.03,0.03,Erythrosaurus,0.025,0.025,Iguanacolossus,0.035,0.035,InostranceviaPravoslavlevia,0.02,0.025,Magnapaulia,0.015,0.015,Skorpiovenator,0.035,0.035,Diamantinasaurus,0.055,0.06,Meraxes,0.04,0.09,Kretzoiarctos,0.01,0.01,Ursus AmericanusProtarctos,0.05,0.05,Clay Greater TrikePentaceratops,0.006,/,Bloodstalker,0.0125,0.2,Dinopithecus,0.06,/,Tropeognathus,0.0125,0.2,Eotriceratops,0.07,0.1,Tyrannodominator,0.02,0.04,Ogre Darner,0.025,0.025,Kretzoiarctos,0.04,0.04,Fjordhawk,0.03,0.05,Roll Rat,0.04,0.04,Sinomacrops,0.03,0.04,Solwyn,0.03,0.04
Snow Generic,19,Yangchuanosaurus,0.05,0.2,Cryodrakon,0.04,0.03,Koolasuchus,0.075,0.03,Lythronax,0.1,0.15,Dilong,0.03,0.1,Cryoraptor,0.02,0.05,Jackrabbit,0.2,0.1,Polar Adasaurus,0.08,0.1,Megistotherium,0.04,/,Arctic Fox,1.0,/,Greater Arctic Fox,0.08,/,Arctic Drakara,0.025,0.04,Daemonis,0.05,0.05,Albertosaurus,0.03,0.03,Anteosaurus,0.035,0.035,Edmontosaurus,0.03,0.03,Skjaldastordr AnkyloAnodontosaurus,0.1,0.09,Royal Owl Griffin,0.0125,0.1,Radiant Owl Griffin,0.0125,0.1,Myths Drakra,0.025,0.04,Stygimoloch,0.05,0.075,Galvarex,0.01,0.02,Cryolophosaurus,0.05,0.05,Snow Owl,0.03,0.04,Veilwyn,0.03,0.04
Rag SnowForest,17,Atlas KodiakKolponomos,0.015,0.015,Megistotherium,0.02,/,Albertosaurus,0.03,0.03,Anteosaurus,0.035,0.035,Edmontosaurus,0.03,0.03,Meraxes,0.03,0.05,Clay Rag TrikeRegaliceratops,0.08,/,Clay Greater TrikePentaceratops,0.016,/,Lythronax,0.06,0.1,Pinacosaurus,0.06,0.1,Gomphotherium,0.07,0.1,Jackrabbit,0.075,0.1,Arctic Fox,0.04,0.06,Greater Arctic Fox,0.04,0.06,Daemonis,0.04,0.05,Styracosaurus,0.05,0.075,Stygimoloch,0.05,0.075,Clay Great PachyrhinoAchelousaurus,0.04,0.04,Managarmr,0.04,0.04,Snow Owl,0.03,0.04
Rag SnowPlains,16,Atlas KodiakKolponomos,0.015,0.015,Megistotherium,0.008,/,Arctic Drakara,0.025,0.04,Albertosaurus,0.03,0.03,Anteosaurus,0.035,0.035,Edmontosaurus,0.03,0.03,Skjaldastordr AnkyloAnodontosaurus,0.1,0.09,Lythronax,0.06,0.1,Gomphotherium,0.07,0.1,Arctic Fox,0.075,0.1,Greater Arctic Fox,0.075,0.1,Myths Drakra,0.025,0.04,Hapipalus,0.05,0.05,Styracosaurus,0.05,0.075,Clay Great PachyrhinoAchelousaurus,0.06,0.07,Managarmr,0.04,0.04,Solwyn,0.03,0.04,Veilwyn,0.03,0.04
Rag Polar Bear,5,Cryodrakon,0.04,0.10,Hapipalus,0.05,0.05,Galvarex,0.04,0.05,Clay Great PachyrhinoAchelousaurus,0.04,0.04,Ferox,0.05,0.05
Rag Bear,0
Swamp Generic,18,Venoraptor,0.005,0.05,CobraPalaeophis,0.04,0.07,RattlesnakeWonambi,0.05,0.1,Mischoptera,0.4,/,Henodus,0.125,0.2,Materpiscis,0.125,0.2,Oxalaia,0.015,0.015,Dzungariotherium,0.02,0.05,Diploceraspis,0.04,0.04,Ichthyostega,0.04,0.04,Platyoposaurus,0.03,0.03,Whatcheeria,0.03,0.03,Chungkingosaurus,0.03,0.03,Deinocheirus,0.01,0.01,Eryops,0.02,0.02,SuchomimusRiparovenator,0.015,0.015,Tyrannomimus,0.03,0.03,Venenosaurus,0.07,0.1,Camarillasaurus,0.04,0.1,Giant SpinoIrritator,0.075,0.1,Angaturama,0.035,0.035,Greater KentrosaurusDacentrurus,0.03,0.04,Amargasaurus,0.03,0.04
Swamp Water Generic,9,Ouranosaurus,0.05,0.16,Paraxenisaurus,0.01,0.05,Bombardier Beetle,0.07,0.075,Blister Beetle,0.007,0.075,Goliath Tigerfish,0.025,0.025,Piraiba Catfish,0.025,0.025,Venoraptor,0.07,0.1,Mischoptera,0.075,0.1,Eryops,0.04,0.02
SE Badlands,36,Pyroraptor,0.125,0.125,Scorched Kelenken,0.5,0.15,Massospondylus,0.08,0.2,Bombardier Beetle,0.07,0.075,Blaze Beetle,0.007,0.075,Blister Beetle,0.007,0.075,Scorched Lyosuchus,0.07,0.1,Scorched Adasaurus,0.055,0.1,Ledumahadi,0.02,0.1,Megistotherium,0.03,/,Scorched Kurupi,0.02,/,Scorched Titanophoneus,0.02,/,Protoceratops,0.1,0.09,Scorched Eocarcharia,0.005,/,Scorched Daemonis,0.075,0.05,Scorched Dzungariotherium,0.05,0.05,Bastion Larvae,0.025,0.025,Scorched Male Bastion Beetle,0.025,0.025,Scorched Female Bastion Beetle,0.025,0.025,Scorched Tyrannodominator,0.0075,0.05,Scorched Monolophosaurus,0.03,0.03,Noxcalvasaurus,0.02,0.02,Aerosteon,0.015,0.01,Albertosaurus,0.03,0.03,Angaturama,0.02,0.02,Scorched Anteosaurus,0.035,0.035,Diabloceratops,0.015,0.015,Erythrosaurus,0.025,0.025,Fasolasuchus LoricatusRauisuchus,0.01,0.02,Tarchia,0.025,0.025,Xuanhanosaurus,0.03,0.03,YangchuanosaurusShidaisaurus,0.025,0.025,Sivatherium,0.04,0.04,Scorched Meraxes,0.06,/,Runic Quartz Wyvern,0.06,0.06,Skjaldastordr AnkyloAnodontosaurus,0.1,0.09,Nyctatyrannus Echidne,0.075,0.05,D-ShantungosaurusShantungosaurus,0.075,0.7,Saltasaurus,0.04,0.1,Kelenken,0.075,0.1,AtlasuchusMekosuchus,0.075,0.1,Dinocrocuta,0.075,0.1,Anteosaurus,0.035,0.035,Star CrowCorvus,0.02,0.03,Andrewsarchus,0.03,0.04,Ravager,0.04,0.04
SE Canyons,22,AtlasuchusMekosuchus,0.15,0.1,Grand Tortugar,0.03,0.03,Scorched Adasaurus,0.055,0.1,Empirosaurus,0.02,0.05,Protoceratops,0.1,0.09,Dinocrocuta,0.6,1.0,Oxalaia,0.015,0.015,Scorched Daemonis,0.04,0.05,Scorched Dzungariotherium,0.03,0.05,Scorched Tyrannodominator,0.04,0.05,Diploceraspis,0.02,0.02,Ichthyostega,0.02,0.02,Platyoposaurus,0.02,0.02,Whatcheeria,0.02,0.02,Angaturama,0.02,0.02,Deinocheirus,0.01,0.01,Deltadromeus,0.03,0.03,Eryops,0.04,0.02,Phosphatodraco,0.025,0.025,SuchomimusRiparovenator,0.02,0.015,Tyrannomimus,0.03,0.03,Scorched Plateosaurus,0.15,/,Scorched Muttaburrasaurus,0.025,0.035,Walliserops,0.07,/,Barsboldia,0.01,0.05,Magna Gecko,0.25,0.3,Postosuchus,0.075,0.2,Kelenken,0.075,0.1,InostranceviaPravoslavlevia,0.04,0.05,Star CrowCorvus,0.02,0.03,Clay Rag TrikeRegaliceratops,0.06,0.07,Clay Greater TrikePentaceratops,0.03,0.04,Armadoggo,0.03,0.04,Ravager,0.04,0.04,Roll Rat,0.04,0.04
SE Dunes,30,Scorched Postosuchus,0.07,/,Dracovenator,0.1,0.1,Scorched Edmontosaurus/,0.1,0.1,Gigantophis,0.004,0.005,Sulphur Titan,0.03,0.005,Edmontonia,0.0025,0.015,Scorched Adasaurus,0.055,0.1,Empirosaurus,0.01,0.05,Dinocrocuta,0.3,1.0,Scorched Rubidgea,0.05,/,Scorched Eocarcharia,0.045,0.05,Bastion Larvae,0.025,0.025,Scorched Male Bastion Beetle,0.025,0.025,Scorched Female Bastion Beetle,0.025,0.025,Scorched Monolophosaurus,0.03,0.03,Epanterias,0.0125,0.02,Majungasaurus,0.025,/,Cockatrice,0.02,0.02,Scorched Meraxes,0.045,/,Thorax Spider,0.07,0.08,Magna Gecko,0.15,0.3,Stegotetrabelodon,0.01,0.01,Galvarex,0.025,0.025,Nyctatyrannus Imperator,0.05,0.05,Amargasaurus,0.02,0.1,CobraPalaeophis,0.04,0.1,Apatosaurus,0.015,0.015,Gigatitan,0.05,0.05,Magnapaulia,0.025,0.025,Clay Greater AnkyloTsagantegia,0.04,0.04,Clay RexBistahieversor,0.06,0.07,Armadoggo,0.03,0.04,Dreadnoughtus,0.05,0.05,Oasisaur,0.02,0.02,Phoenix,0.02,0.02,Reaper Queen,0.04,0.04,Velonasaur,0.03,0.04
SE Green Desert,34,Eotriceratops,0.1,0.08,Scorched Haasts Eagle,0.1,0.07,Shieldhorn,0.03,0.03,Jackrabbit,0.15,0.1,OstrichMoa,0.15,0.1,Edmontonia,0.02,0.035,DraconyxCallovosaurus,0.25,0.1,Bombardier Beetle,0.07,0.075,Blaze Beetle,0.007,0.075,Blister Beetle,0.007,0.075,Scorched Lyosuchus,0.07,0.1,Protoceratops,0.1,0.09,Scorched Rubidgea,0.04,0.1,Royal ArchaeopteryxYixianosaurus,0.035,0.035,Dryosaurus,0.03,0.03,Pakasuchus,0.03,0.03,Angaturama,0.02,0.02,Apatosaurus,0.01,0.02,Epanterias,0.025,0.025,Erythrosaurus,0.025,0.025,Gargoyleosaurus,0.03,0.03,Scorched Iguanacolossus,0.035,0.035,Scorched Inostrancevia/,0.025,0.025,Magnapaulia,0.01,0.01,Ogre Darner,0.025,0.025,Skorpiovenator,0.025,0.025,Torosaurus,0.03,0.03,Tyrannotitan,0.0125,0.0125,Scorched Plateosaurus,0.15,/,Scorched Diamantinasaurus,0.015,0.05,Scorched Muttaburrasaurus,0.005,0.025,Barsboldia,0.0225,0.075,Runic Lantern Halo Wyvern,0.03,0.03,Skjaldastordr AnkyloAnodontosaurus,0.1,0.09,D-ShantungosaurusShantungosaurus,0.075,0.7,ChickenMihirung,0.08,0.08,Moo-CowBos,0.08,0.06,Ursus AmericanusProtarctos,0.025,0.025,Clay Great PachyrhinoAchelousaurus,1,/,Anzu,0.025,0.1,Haasts Eagle,0.075,0.1,Meiolania,0.075,0.1,Skyshroud Drakara,0.025,0.04,InostranceviaPravoslavlevia,0.04,0.05,Tarchia,0.025,0.025,Majungasaurus,0.03,0.03
SE Mountain,31,Scorched Inostrancevia,0.04,/,Scorched Genyodectes,0.07,0.1,Hatzegopteryx,0.022,0.044,CobraPalaeophis,0.04,0.05,RattlesnakeWonambi,0.056,0.08,Ledumahadi,0.03,0.08,Skyshroud Drakara,0.025,0.04,Spearcrest,0.015,0.015,Torvosaurus,0.04,0.05,Scorched Daemonis,0.05,0.05,Bastion Larvae,0.025,0.025,Scorched Male Bastion Beetle,0.025,0.025,Scorched Female Bastion Beetle,0.025,0.025,Scorched Tyrannodominator,0.05,0.05,Angaturama,0.015,0.01,Scorched Anteosaurus,0.035,0.035,Diabloceratops,0.015,0.015,Fasolasuchus LoricatusRauisuchus,0.015,0.02,Tarchia,0.025,0.025,Tyrannotitan,0.0125,0.0125,Xuanhanosaurus,0.03,0.03,YangchuanosaurusShidaisaurus,0.025,0.025,Runic Lantern Halo Wyvern,0.03,0.03,Skjaldastordr AnkyloAnodontosaurus,0.1,0.09,Star CrowCorvus,0.1,0.1,Radiant Owl Griffin,0.0125,0.1,Nyctatyrannus Echidne,0.02,0.02,Clay AnkyloShamosaurus,0.15,/,Clay Greater AnkyloTsagantegia,0.15,/,Clay Great PachyrhinoAchelousaurus,1,/,Inostrancevia,0.04,0.1,Genyodectes,0.05,0.1,Dinocrocuta,0.075,0.1,Pyro Drakara,0.025,0.04,Anteosaurus,0.035,0.035,Majungasaurus,0.03,0.03,Nyctatyrannus Rex,0.03,0.03,Nyctatyrannus Imperator,0.03,0.03,Nyctatyrannus Echidne,0.03,0.03,D-ShantungosaurusShantungosaurus,0.05,0.075,Ursus AmericanusProtarctos,0.04,0.04,Clay Rag TrikeRegaliceratops,0.06,0.07,Clay Greater TrikePentaceratops,0.03,0.04
SE Oasis,27,Scorched WAK Spinosaurus,0.0085,/,Jackrabbit,0.15,0.1,Scotoharpes,0.065,0.02,Scorched Lyosuchus,0.07,0.1,Enantiophoenix,0.005,/,Skyshroud Drakara,0.02,0.04,Bloodfang Drakara,0.0125,0.04,Pyro Drakara,0.006,0.04,Oxalaia,0.015,0.015,Scorched Dzungariotherium,0.05,0.05,Bastion Larvae,0.025,0.025,Scorched Male Bastion Beetle,0.025,0.025,Scorched Female Bastion Beetle,0.025,0.025,Dryosaurus,0.03,0.03,Pakasuchus,0.03,0.03,Angaturama,0.02,0.02,Deinocheirus,0.01,0.01,Deltadromeus,0.03,0.03,Eryops,0.03,0.02,SuchomimusRiparovenator,0.02,0.015,Tyrannomimus,0.03,0.03,Scorched Diamantinasaurus,0.015,0.05,Scorched Muttaburrasaurus,0.035,0.045,Barsboldia,0.0225,0.075,Pygmy HippoProminatherium,0.1,0.1,Star LeatherwingLeatherwing,0.1,0.1,Royal Owl Griffin,0.0125,0.1,Nyctatyrannus Echidne,0.075,0.05,MockatooMacaw,0.05,0.05,Tsintaosaurus,0.025,0.1,Pinacosaurus,0.04,0.1,Massospondylus,0.06,0.1,WAK SpinosaurusIchthyovenator,0.02,0.02,OstrichMoa,0.075,0.1,Pyro Drakara,0.025,0.04,Apatosaurus,0.015,0.015,InostranceviaPravoslavlevia,0.04,0.05,Tarchia,0.025,0.025,Walliserops,0.03,0.03
SE Sandworm Dunes,1,Scorched Desolatitan,0.05,0.05
SE Wyvern Trench,17,Neovenator,0.025,0.04,Genyodectes,0.05,0.1,Eotriceratops,0.07,0.1,CobraPalaeophis,0.04,0.1,Titanophoneus,0.04,0.1,Globster,0.075,0.1,Bloodfang Drakara,0.035,0.04,Sanguivern,0.05,0.05,Epanterias,0.025,0.025,Skjaldastordr AnkyloAnodontosaurus,0.05,0.06,Greater KentrosaurusDacentrurus,0.03,0.04,Bloodstalker,0.05,0.05,Desmodus,0.05,0.05,Gloon,0.02,0.02,Malwyn,0.04,0.04,Ossidon,0.04,0.04,Velonasaur,0.03,0.04
Rag Golem,8,Thorax Spider,0.07,0.08,Mapusaurus,0.05,0.1,Dracovenator,0.06,0.1,Grand Tortugar,0.075,0.1,Sulphur Titan,0.03,0.005,Dracoteuthis,0.06,0.1,Fasolasuchus LoricatusRauisuchus,0.015,0.02,Basilisk,0.05,0.05
SE Wyverns,3,Astral Wyvern,0.33,0.33,Corrosion Wyvern,0.33,0.33,Seratine Wyvern,0.33,0.33
Rag Deep Water,29,Savage HammerheadMesozygaena,0.025,0.025,Scotoharpes,1,0.05,Charnia,0.1,/,Dickinsonia,0.005,1.0,Nesonektris,0.1,/,Shenzianyuloma,0.1,/,Vetulicola,0.1,/,Yuyuanozoon,0.1,/,Hector's Dolphin,0.1,0.06,Onchopristis,0.09,0.06,Acrophyseter,0.06,0.05,Cryptoclidus,0.06,0.05,Humboldt Squid,0.04,0.04,Hydrotherosaurus,0.05,0.05,Ophthalmosaurus,0.05,0.05,Orca,0.035,0.04,Protostega,0.045,0.045,TylosaurusKhinjaria,0.0225,0.0175,Brachauchenius,0.025,0.02,Horned Nurse Shark,0.07,0.07,Kaikaifilu,0.03,0.03,Vallibonavenatrix,0.035,0.035,BaculiteEohamites,0.25,/,Dugong,0.12,0.08,Medichelon,0.18,0.08,Hainosaurus,0.06,0.1,Prionosuchus,0.04,0.1,Hyneria,0.075,0.1,MarlinNyoomarlin,0.04,0.1,Mean WhaleAlbicetus,0.09,0.1,Livyathan,0.1,0.0001,Taniwhasaurus,0.075,0.1,AnomalocarisLenisicaris,0.075,0.1,Bothrilepis,0.075,0.1,Diadema,0.03,0.04,Saurichthys,0.04,0.06,Sphyrna,0.075,0.1,Hadal Dragonfish,0.05,0.05,Orycterocetus,0.03,0.03,Liopleurodon,0.04,0.04,Xiphactinus,0.04,0.04
DarkWater Angler Generic,27,Dickinsonia,0.005,1.0,AnomalocarisLenisicaris,0.12,0.025,EdestusLestrodus,0.06,0.06,HelicoprionSarcoprion,0.06,0.06,Hadal Dragonfish,0.04,0.04,Dolichorhynchops,0.06,0.1,Hyneria,0.075,0.1,Thresher Shark,0.06,0.1,SeahorseHippocampus,0.075,0.1,Scotoharpes,0.075,0.1,Nesonektris,0.075,0.1,Shenzianyuloma,0.075,0.1,Vetulicola,0.075,0.1,Yuyuanozoon,0.075,0.1,AcrophyseterZygophyseter,0.075,0.1,Bothrilepis,0.075,0.1,Diadema,0.03,0.04,Edestus,0.075,0.1,Stethacanthus,0.075,0.1,Tylosaurus,0.075,0.1,Onchopristis,0.06,0.05,Acrophyseter,0.06,0.05,Humboldt Squid,0.03,0.03,Hydrotherosaurus,0.03,0.03,TylosaurusKhinjaria,0.03,0.03,BaculiteEohamites,0.04,0.05,Orycterocetus,0.03,0.03,Xiphactinus,0.04,0.04
DeepWater Gen,24,Baculites,0.3,0.15,Giant Sea Slug,1,0.14,Hainosaurus,0.2,0.12,Prionosuchus,0.85,0.12,Hyneria,0.15,0.15,Thresher Shark,0.15,/,Hydrovanta,0.5,0.1,Savage HammerheadMesozygaena,0.025,0.025,SeahorseHippocampus,0.2,0.1,Gentle WhaleMaiabalaena,0.15,0.1,Mean WhaleAlbicetus,0.15,0.1,Anomalocaris,0.03,0.1,Scotoharpes,1,0.05,Charnia,0.1,/,Nesonektris,0.167,/,Shenzianyuloma,0.167,/,Vetulicola,0.167,/,Yuyuanozoon,0.167,/,AcrophyseterZygophyseter,0.05,0.025,AnomalocarisLenisicaris,0.12,0.035,Bothrilepis,0.2,0.05,Lepidotes,0.15,0.12,Saurichthys,0.15,0.055,Sphyrna,0.3,0.05,Stethacanthus,0.1,0.08,Tylosaurus,0.14,0.12,Hector's Dolphin,0.1,0.06,Onchopristis,0.09,0.06,Acrophyseter,0.06,0.05,Cryptoclidus,0.06,0.05,Humboldt Squid,0.04,0.04,Hydrotherosaurus,0.05,0.05,Ophthalmosaurus,0.05,0.05,Orca,0.035,0.04,Protostega,0.045,0.045,TylosaurusKhinjaria,0.0225,0.0175,Brachauchenius,0.025,0.02,Horned Nurse Shark,0.07,0.07,Kaikaifilu,0.03,0.03,Vallibonavenatrix,0.035,0.035,Diadema,0.03,0.04,EdestusLestrodus,0.03,0.03,HelicoprionSarcoprion,0.03,0.03,BaculiteEohamites,0.04,0.05,Dugong,0.04,0.05,Medichelon,0.04,0.05,Clay LeedsichtysBonnerichthys,0.04,0.04,Leedsichtys,0.04,0.04,Liopleurodon,0.04,0.04,Shastasaurus,0.03,0.04
Rag Ocean,36,Savage HammerheadMesozygaena,0.025,0.025,Livyathan,0.1,0.0001,Bungartius,1,0.2,Charnia,0.1,/,Dickinsonia,0.005,1.0,Nesonektris,0.067,/,Shenzianyuloma,0.067,/,Vetulicola,0.067,/,Yuyuanozoon,0.067,/,Draconis Glaucus,0.025,0.01,Tylosaurus,0.04,0.00005,Hector's Dolphin,0.1,0.06,Onchopristis,0.09,0.06,Acrophyseter,0.06,0.05,Cryptoclidus,0.06,0.05,Humboldt Squid,0.04,0.04,Hydrotherosaurus,0.05,0.05,Ophthalmosaurus,0.05,0.05,Orca,0.035,0.04,Protostega,0.045,0.045,TylosaurusKhinjaria,0.0225,0.0175,Brachauchenius,0.025,0.02,Horned Nurse Shark,0.07,0.07,Kaikaifilu,0.03,0.03,Vallibonavenatrix,0.035,0.035,BaculiteEohamites,0.25,/,Dugong,0.12,0.08,Medichelon,0.18,0.08,Clay LeedsichtysBonnerichthys,0.4,0.1,Lualabaea,0.05,0.1,Dolichorhynchops,0.06,0.1,Thresher Shark,0.06,0.1,Hydrovanta,0.075,0.1,SeahorseHippocampus,0.075,0.1,DolphinKentriodon,0.075,0.1,Gentle WhaleMaiabalaena,0.09,0.1,MarlinNyoomarlin,0.075,0.1,Cricosaurus,0.075,0.1,Taniwhasaurus,0.075,0.1,Diadema,0.03,0.04,Lepidotes,0.075,0.1,Saurichthys,0.075,0.1,Sphyrna,0.04,0.06,Shonisaurus,0.04,0.05,Leedsichtys,0.04,0.04,Shastasaurus,0.03,0.04
Rag Lobster,3,Cricosaurus,0.075,0.1,AnomalocarisLenisicaris,0.075,0.1,Humboldt Squid,0.03,0.03
InlandWater Generic,18,Ornithocheirus,0.3,0.12,Paraxenisaurus,0.4,0.12,Koolasuchus,0.075,0.2,Gandakasia,0.25,0.11,Purussaurus,0.04,0.06,AtlasuchusMekosuchus,0.4,0.1,Grand Tortugar,0.03,0.03,Charnia,0.1,/,Nesonektris,0.1,/,Shenzianyuloma,0.1,/,Vetulicola,0.1,/,Yuyuanozoon,0.1,/,Henodus,0.3,0.1,Materpiscis,0.12,0.1,Oxalaia,0.015,0.015,Giant SpinoIrritator,0.006,0.01,Hapipalus,0.025,0.025,Diploceraspis,0.02,0.02,Ichthyostega,0.02,0.02,Platyoposaurus,0.03,0.03,Whatcheeria,0.015,0.015,Arganodus,0.03,0.03,Chinlea,0.03,0.03,Goliath Tigerfish,0.025,0.025,Goonch Catfish,0.025,0.025,Lungfish,0.03,0.03,Mawsonia,0.02,0.02,Piraiba Catfish,0.025,0.025,Angaturama,0.02,0.02,Eryops,0.02,0.02,SuchomimusRiparovenator,0.015,0.015,Torosaurus,0.03,0.03,Paddletail SpinoRiojavenatrix,0.049,0.02,Axelrodichthys,0.05,0.1,Kaikaifilu,0.02,0.03
RedW Water Generic,18,AtlasuchusMekosuchus,0.15,0.1,Goonch Catfish,0.03,0.03,Zuniceratops,0.05,0.1,Gandakasia,0.07,0.1,Henodus,0.075,0.1,Materpiscis,0.075,0.1,Nothosaurus,0.04,0.05,Diploceraspis,0.04,0.04,Whatcheeria,0.03,0.03,Arganodus,0.03,0.03,Chinlea,0.03,0.03,Lungfish,0.03,0.03,Mawsonia,0.02,0.02,Piraiba Catfish,0.025,0.025,Austroraptor,0.015,0.015,Kaikaifilu,0.02,0.03,Squalicorax,0.025,0.025,Torosaurus,0.03,0.03,Paddletail SpinoRiojavenatrix,0.03,0.03
Rag Water Generic,18,Zuniceratops,0.05,0.1,Axelrodichthys,0.05,0.1,Gandakasia,0.07,0.1,Purussaurus,0.075,0.1,AtlasuchusMekosuchus,0.075,0.1,Henodus,0.075,0.1,Materpiscis,0.075,0.1,Nothosaurus,0.04,0.05,Diploceraspis,0.04,0.04,Whatcheeria,0.03,0.03,Chinlea,0.03,0.03,Goliath Tigerfish,0.025,0.025,Goonch Catfish,0.025,0.025,Mawsonia,0.02,0.02,Austroraptor,0.015,0.015,Kaikaifilu,0.02,0.03,Squalicorax,0.025,0.025,Torosaurus,0.03,0.03
Rag Bison,7,Daemonis,0.01,0.05,Red Panda,0.003,0.003,Genyodectes,0.05,0.1,EdmontosaurusAnatosaurus,0.07,0.1,Rubidgea,0.075,0.1,Skorpiovenator,0.025,0.025,Torosaurus,0.03,0.03
Rag Center,28,Atlas Flying FoxPteropus,0.025,0.025,RazortoothDryptosaurus,0.01,0.01,Shieldhorn,0.025,0.025,Lycosuchus,0.055,0.1,Enantiophoenix,0.002,10,Meiolania,0.06,/,Skyshroud Drakara,0.025,0.04,Bloodfang Drakara,0.025,0.04,Pyro Drakara,0.025,0.04,Vectispinus,0.075,0.05,Antrodemus,0.02,0.05,Eocarcharia,0.0175,0.06,Daemonis,0.04,0.05,Dzungariotherium,0.01,0.05,Tyrannodominator,0.0075,/,Monolophosaurus,0.03,0.03,Noxcalvasaurus,0.02,0.02,Royal ArchaeopteryxYixianosaurus,0.035,0.035,Aerosteon,0.015,0.015,Albertosaurus,0.03,0.03,Angaturama,0.02,0.02,Cedarosaurus,0.03,0.03,Edmontosaurus,0.03,0.03,Erythrosaurus,0.025,0.025,Iguanacolossus,0.035,0.035,InostranceviaPravoslavlevia,0.02,0.025,Magnapaulia,0.015,0.015,Skorpiovenator,0.035,0.035,Majungasaurus,0.04,/,Kretzoiarctos,0.01,0.01,Ursus AmericanusProtarctos,0.05,0.05,Neimongosaurus,0.025,0.2,Zuniceratops,0.05,0.1,Axelrodichthys,0.03,0.1,Pinacosaurus,0.06,0.1,Angulomastacator,0.075,0.1,Sinornithoides,0.075,0.1,Adasaurus,0.075,0.1,Myths Drakra,0.01,0.02,Blood Crystal Wyvern,0.03,0.04
Rag CenterWater,8,Oxalaia,0.015,0.015,BaculiteEohamites,0.2,/,Medichelon,0.1,0.08,Paddletail SpinoRiojavenatrix,0.049,0.02,Purussaurus,0.075,0.1,Ichthyostega,0.04,0.04,Platyoposaurus,0.03,0.03,Magnapaulia,0.02,0.03,Vallibonavenatrix,0.03,0.03,Dugong,0.04,0.05
Gigantoraptor,6,Skyshroud Drakara,0.025,0.04,Bloodfang Drakara,0.025,0.04,Pyro Drakara,0.025,/,Massospondylus,0.06,0.1,Angulomastacator,0.07,0.1,Chungkingosaurus,0.03,0.03,Red Panda,0.02,0.03,Magna Gecko,0.02,0.03,Cosmo,0.05,0.05
Rag Griffin,7,Runic Lantern Halo Wyvern,0.02,0.02,Dzungariotherium,0.04,0.05,Tyrannodominator,0.04,0.05,Majungasaurus,0.03,0.03,Runic Quartz Wyvern,0.03,0.03,Deinonychus,0.05,0.05,Megaraptor,0.04,0.04
Megalania,6,Thorax Spider,0.035,0.08,Pinacosaurus,0.06,0.1,Venenosaurus,0.07,0.1,Adasaurus,0.075,0.1,Erythrosaurus,0.03,0.03,Eryops,0.03,0.03
Rag Turtles,11,Dearc,0.05,0.22,Pygmy HippoProminatherium,0.1,0.1,Scelidosaurus,0.06,0.1,Camarillasaurus,0.04,0.1,Runic Quartz Wyvern,0.02,0.02,Runic Lantern Halo Wyvern,0.03,0.03,Skjaldastordr AnkyloAnodontosaurus,0.05,0.06,Greater KentrosaurusDacentrurus,0.03,0.04,Defense Unit,0.05,0.05,Enforcer,0.05,0.05,Scout,0.04,0.04
Rag Monkey Island,6,Scelidosaurus,0.08,0.22,Sinornithoides,0.075,0.1,Phosphatodraco,0.025,0.025,Runic Quartz Wyvern,0.02,0.02,Runic Lantern Halo Wyvern,0.03,0.03,Magna Gecko,0.02,0.03
Rag Jerboa,5,Phosphatodraco,0.025,0.025,Runic Quartz Wyvern,0.02,0.02,Runic Lantern Halo Wyvern,0.03,0.03,Pygmy HippoProminatherium,0.03,0.04,Magna Gecko,0.02,0.03
Rag Mudslide,2,Acheroraptor,0.06,0.1,Clay AnkyloShamosaurus,0.04,0.04
Dreadmare,5,Dilong,0.06,0.1,Haasts Eagle,0.075,0.1,Deinonychus,0.05,0.05,Gacha,0.05,0.05,Gasbags,0.05,0.05
Quetzal,1,Aureliax,0.5,0.5
Pelican,5,Ornithocheirus,1,0.06,CryptoclidusKimmerosaurus,1.0,1.0,Obelisk squidObelisk Squid,1.0,1.0,Ambulocetus,0.4,0.25,Tropeognathus,0.03,0.04
Rag Temple,2,Bulbdog,0.05,0.05,Glowtail,0.05,0.05
Rag Karkinos,1,Seeker,0.04,0.04
Rag Ab Megalania,1,Rock Drake,0.1,0.1
Rag Shark Fish,0,BaculiteEohamites,0.15,/
Cave 1 Generic,1,Tatzelwurm,0.045,/
Rag Vulture,0
SwampCave Generic,0
Rag Swamp Wyvern,1,Venoraptor,0.005,0.05
Rag Ice 1 Wyvern,0,Cryodrakon,0.04,0.15
Rag Ice 2 Wyvern,0
Dark Water,5,Livyathan,0.5,0.1,Scotoharpes,1,0.05,Dickinsonia,0.1,0.1,AnomalocarisLenisicaris,0.12,0.025,Edestus,0.46,0.25,Saurichthys,0.12,0.025,Stethacanthus,0.12,0.025,EdestusLestrodus,0.06,0.06,HelicoprionSarcoprion,0.06,0.06,Hadal Dragonfish,0.04,0.04,BaculiteEohamites,0.25,/
DarkWater Lio,0
DarkWater Mosa,1,Shonisaurus,0.5,0.5
DarkWater Tuso,0,Orycterocetus,0.5,0.1
Rag Seagulls,1,Dearc,0.075,0.13
Cat Rag,0
Archaeopteryx,0
Beavers,0
Giganotosaurus,2,Sulphur Titan,0.04,0.01,Desolatitan,1.0,1.0
Penguins,3,Leopard Seal,0.01,0.01,Walrus,0.04,0.04,Star PenguinPalaeeudyptes,0.5,0.5
Rhyniogantha,1,Shadowmane,0.2,0.2
Thylacoleo,0
Titanosaur,1,Argentinosaurus,1.0,0.5
Unicorn,0


Dearc,3,Beach Generic,0.075,0.3,Rag Turtles,0.05,0.22,Rag Seagulls,0.075,0.13
Inostrancevia,2,Redwoods Generic,0.04,0.1,SE Mountain,0.04,0.1
Tek Inostrancevia,0
Nasutoceratops,2,Grasslands Generic,0.05,0.13,Damien Generic,0.05,0.1
Neimongosaurus,3,Grasslands Generic,0.025,0.35,Damien Generic,0.025,0.2,Rag Center,0.025,0.2
Neovenator,1,SE Wyvern Trench,0.025,0.04
Postosuchus,2,Redwoods Generic,0.075,0.2,SE Canyons,0.075,0.2
Pyroraptor,3,Monster Isl Generic,0.06,0.1,Mountain Generic,0.15,0.1,SE Badlands,0.125,0.125
Siamosaurus,1,Beach Generic,0.025,0.1
Tsintaosaurus,2,Beach Generic,0.125,0.25,SE Oasis,0.025,0.1
Yangchuanosaurus,2,Mountain Generic,0.05,0.2,Snow Generic,0.05,0.2
Anzu,2,Grasslands Generic,0.06,0.1,SE Green Desert,0.025,0.1
Baculites,1,DeepWater Gen,0.3,0.15
Genyodectes,3,SE Mountain,0.05,0.1,SE Wyvern Trench,0.05,0.1,Rag Bison,0.05,0.1
Jiangjunosaurus,2,Monster Isl Generic,0.025,/,Mountain Generic,0.025,/
Lualabaea,1,Rag Ocean,0.05,0.1
Mapusaurus,3,Monster Isl Generic,0.025,0.12,Mountain Generic,0.025,0.12,Rag Golem,0.05,0.1
Ornithocheirus,2,InlandWater Generic,0.3,0.12,Pelican,1,0.06
Ouranosaurus,1,Swamp Water Generic,0.05,0.16
Tek Ouranosaurus,0
Paraxenisaurus,2,Swamp Water Generic,0.01,0.05,InlandWater Generic,0.4,0.12
Zuniceratops,4,Grasslands Generic,0.1,0.22,RedW Water Generic,0.05,0.1,Rag Water Generic,0.05,0.1,Rag Center,0.05,0.1
Axelrodichthys,3,InlandWater Generic,0.05,0.1,Rag Water Generic,0.05,0.1,Rag Center,0.03,0.1
Cryodrakon,3,Snow Generic,0.04,0.03,Rag Polar Bear,0.04,0.10,Rag Ice 1 Wyvern,0.04,0.15
Dolichorhynchops,2,DarkWater Angler Generic,0.06,0.1,Rag Ocean,0.06,0.1
Giant Sea Slug,1,DeepWater Gen,1,0.14
Hainosaurus,2,Rag Deep Water,0.06,0.1,DeepWater Gen,0.2,0.12
Koolasuchus,2,Snow Generic,0.075,0.03,InlandWater Generic,0.075,0.2
Tek Koolasuchus,0
Lythronax,4,Monster Isl Generic,0.1,0.15,Snow Generic,0.1,0.15,Rag SnowForest,0.06,0.1,Rag SnowPlains,0.06,0.1
Pinacosaurus,5,Damien Generic,0.1,0.15,Rag SnowForest,0.06,0.1,SE Oasis,0.04,0.1,Rag Center,0.06,0.1,Megalania,0.06,0.1
Prionosuchus,2,Rag Deep Water,0.04,0.1,DeepWater Gen,0.85,0.12
Saltasaurus,3,Grasslands Generic,0.03,0.1,Damien Generic,0.075,0.15,SE Badlands,0.04,0.1
Acheroraptor,1,Rag Mudslide,0.06,0.1
Dilong,2,Snow Generic,0.03,0.1,Dreadmare,0.06,0.1
Dracovenator,1,Rag Golem,0.06,0.1
Hyneria,3,Rag Deep Water,0.075,0.1,DarkWater Angler Generic,0.075,0.1,DeepWater Gen,0.15,0.15
Kelenken,2,SE Badlands,0.075,0.1,SE Canyons,0.075,0.1
Lirainosaurus,3,Rag Jungle,0.03,0.1,Rag Scotland,0.075,0.1,Damien Generic,0.075,0.1
Tek Lirainosaurus,0
Massospondylus,4,Rag Scotland,0.075,0.1,SE Badlands,0.08,0.2,SE Oasis,0.06,0.1,Gigantoraptor,0.06,0.1
Scelidosaurus,3,Beach Generic,0.08,0.22,Rag Turtles,0.06,0.1,Rag Monkey Island,0.08,0.22
Thresher Shark,3,DarkWater Angler Generic,0.06,0.1,DeepWater Gen,0.15,/,Rag Ocean,0.06,0.1
Venenosaurus,2,Swamp Generic,0.07,0.1,Megalania,0.07,0.1
Angulomastacator,2,Rag Center,0.075,0.1,Gigantoraptor,0.07,0.1
EdmontosaurusAnatosaurus,2,Grasslands Generic,0.15,0.08,Rag Bison,0.07,0.1
Eotriceratops,3,Redwoods Generic,0.07,0.1,SE Green Desert,0.1,0.08,SE Wyvern Trench,0.07,0.1
Gandakasia,4,Beach Generic,0.1,0.12,InlandWater Generic,0.25,0.11,RedW Water Generic,0.07,0.1,Rag Water Generic,0.07,0.1
Tek Gandakasia,0
Gomphotherium,3,Rag Scotland,0.07,0.1,Rag SnowForest,0.07,0.1,Rag SnowPlains,0.07,0.1
Haasts Eagle,2,SE Green Desert,0.075,0.1,Dreadmare,0.075,0.1
Purussaurus,3,InlandWater Generic,0.04,0.06,Rag Water Generic,0.075,0.1,Rag CenterWater,0.075,0.1
Sinornithoides,3,Rag Jungle,0.075,0.1,Rag Center,0.075,0.1,Rag Monkey Island,0.075,0.1
Drakyros,0
Alpha Drakyros,0
WAK SpinosaurusIchthyovenator,2,Monster Isl Generic,0.007,0.095,SE Oasis,0.02,0.02
Hatzegopteryx,2,Mountain Generic,0.0385,0.088,SE Mountain,0.022,0.044
Cryoraptor,1,Snow Generic,0.02,0.05
Venoraptor,2,Swamp Water Generic,0.07,0.1,Rag Swamp Wyvern,0.005,0.05
Hydrovanta,1,Rag Ocean,0.075,0.1
Atlas Flying FoxPteropus,3,Rag Jungle,0.025,0.025,Redwoods Generic,0.025,0.025,Rag Center,0.025,0.025
Atlas KodiakKolponomos,2,Rag SnowForest,0.015,0.015,Rag SnowPlains,0.015,0.015
RazortoothDryptosaurus,3,Mountain Generic,0.06,0.1,Redwoods Generic,0.01,0.01,Rag Center,0.01,0.01
Savage HammerheadMesozygaena,3,Rag Deep Water,0.025,0.025,DeepWater Gen,0.025,0.025,Rag Ocean,0.025,0.025
Shieldhorn,4,Rag Jungle,0.025,0.025,Redwoods Generic,0.025,0.025,SE Green Desert,0.03,0.03,Rag Center,0.025,0.025
AtlasuchusMekosuchus,5,SE Badlands,0.075,0.1,SE Canyons,0.15,0.1,InlandWater Generic,0.4,0.1,RedW Water Generic,0.15,0.1,Rag Water Generic,0.075,0.1
Grand Tortugar,3,SE Canyons,0.03,0.03,Rag Golem,0.075,0.1,InlandWater Generic,0.03,0.03
Jackrabbit,7,Rag Jungle,0.075,0.1,Grasslands Generic,0.15,0.1,Damien Generic,0.15,0.1,Snow Generic,0.2,0.1,Rag SnowForest,0.075,0.1,SE Green Desert,0.15,0.1,SE Oasis,0.15,0.1
OstrichMoa,3,Rag Scotland,0.075,0.1,SE Green Desert,0.15,0.1,SE Oasis,0.075,0.1
SeahorseHippocampus,3,DarkWater Angler Generic,0.075,0.1,DeepWater Gen,0.2,0.1,Rag Ocean,0.075,0.1
CobraPalaeophis,3,SE Dunes,0.04,0.1,SE Mountain,0.04,0.05,SE Wyvern Trench,0.04,0.1
DolphinKentriodon,1,Rag Ocean,0.075,0.1
Gentle WhaleMaiabalaena,1,Rag Ocean,0.09,0.1
MarlinNyoomarlin,2,Rag Deep Water,0.04,0.1,Rag Ocean,0.075,0.1
Mean WhaleAlbicetus,2,Rag Deep Water,0.09,0.1,DeepWater Gen,0.15,0.1
RattlesnakeWonambi,3,Mountain Generic,0.04,0.08,Swamp Generic,0.05,0.1,SE Mountain,0.056,0.08
Anguilla,0
Centropristis,0
Silurus,0
Thunnus,0
Livyathan,3,Rag Deep Water,0.1,0.0001,Rag Ocean,0.1,0.0001,Dark Water,0.5,0.1
Gigantophis,3,Rag Jungle,0.004,0.005,Rag Scotland,0.004,0.005,SE Dunes,0.004,0.005
Sulphur Titan,4,Mountain Generic,0.05,0.008,SE Dunes,0.03,0.005,Rag Golem,0.03,0.005,Giganotosaurus,0.04,0.01
Edmontonia,5,Grasslands Generic,0.0275,0.025,Mountain Generic,0.0235,0.0175,Redwoods Generic,0.0285,0.0175,SE Dunes,0.0025,0.015,SE Green Desert,0.02,0.035
Anomalocaris,1,DeepWater Gen,0.03,0.1
Alpha Anomalocaris,0
Cricosaurus,2,Rag Ocean,0.075,0.1,Rag Lobster,0.075,0.1
DraconyxCallovosaurus,4,Beach Generic,0.1,0.1,Rag Jungle,0.1,0.1,Grasslands Generic,0.1,0.1,SE Green Desert,0.25,0.1
Scotoharpes,6,Beach Generic,0.5,0.025,SE Oasis,0.065,0.02,Rag Deep Water,1,0.05,DarkWater Angler Generic,0.075,0.1,DeepWater Gen,1,0.05,Dark Water,1,0.05
Bombardier Beetle,5,Rag Jungle,0.03,0.05,Redwoods Generic,0.07,0.075,Swamp Water Generic,0.07,0.075,SE Badlands,0.07,0.075,SE Green Desert,0.07,0.075
Blaze Beetle,3,Redwoods Generic,0.007,0.075,SE Badlands,0.007,0.075,SE Green Desert,0.007,0.075
Blister Beetle,4,Redwoods Generic,0.007,0.075,Swamp Water Generic,0.007,0.075,SE Badlands,0.007,0.075,SE Green Desert,0.007,0.075
Lycosuchus,4,Rag Jungle,0.055,0.1,Rag Scotland,0.055,0.1,Redwoods Generic,0.055,0.1,Rag Center,0.055,0.1
Adasaurus,3,Rag Jungle,0.055,0.1,Rag Center,0.075,0.1,Megalania,0.075,0.1
TyrannosaurusThanatotheristes,0
Alpha TyrannosaurusAlpha Thanatotheristes,0
Tek TyrannosaurusTek Thanatotheristes,0
EVO GiganotosaurusTaurovenator,0
EVO MosasaurPrognathodon,0
Alpha MosasaurAlpha Prognathodon,0
EVO TherizinosaurusEnigmosaurus,0
Alpha TherizinosaurusAlpha Enigmosaurus,0
CryptoclidusKimmerosaurus,1,Pelican,1.0,1.0
Obelisk squidObelisk Squid,1,Pelican,1.0,1.0
Bungartius,1,Rag Ocean,1,0.2
Empirosaurus,2,SE Canyons,0.02,0.05,SE Dunes,0.01,0.05
Ledumahadi,2,SE Badlands,0.02,0.1,SE Mountain,0.03,0.08
Charnia,4,Rag Deep Water,0.1,/,DeepWater Gen,0.1,/,Rag Ocean,0.1,/,InlandWater Generic,0.1,/
Dickinsonia,4,Rag Deep Water,0.005,1.0,DarkWater Angler Generic,0.005,1.0,Rag Ocean,0.005,1.0,Dark Water,0.1,0.1
Enantiophoenix,4,Damien Generic,0.01,/,Redwoods Generic,0.05,/,SE Oasis,0.005,/,Rag Center,0.002,10
Megistotherium,6,Rag Scotland,0.01,/,Monster Isl Generic,0.03,/,Snow Generic,0.04,/,Rag SnowForest,0.02,/,Rag SnowPlains,0.008,/,SE Badlands,0.03,/
Meiolania,7,Beach Generic,0.01,/,Rag Jungle,0.15,/,Grasslands Generic,0.01,/,Rag Scotland,0.15,/,Damien Generic,0.01,/,SE Green Desert,0.075,0.1,Rag Center,0.06,/
Mischoptera,3,Rag Jungle,0.01,/,Swamp Generic,0.4,/,Swamp Water Generic,0.075,0.1
Nesonektris,5,Rag Deep Water,0.1,/,DarkWater Angler Generic,0.075,0.1,DeepWater Gen,0.167,/,Rag Ocean,0.067,/,InlandWater Generic,0.1,/
Shenzianyuloma,5,Rag Deep Water,0.1,/,DarkWater Angler Generic,0.075,0.1,DeepWater Gen,0.167,/,Rag Ocean,0.067,/,InlandWater Generic,0.1,/
Vetulicola,5,Rag Deep Water,0.1,/,DarkWater Angler Generic,0.075,0.1,DeepWater Gen,0.167,/,Rag Ocean,0.067,/,InlandWater Generic,0.1,/
Yuyuanozoon,5,Rag Deep Water,0.1,/,DarkWater Angler Generic,0.075,0.1,DeepWater Gen,0.167,/,Rag Ocean,0.067,/,InlandWater Generic,0.1,/
Camarillasaurus,3,Rag Jungle,0.04,0.1,Swamp Generic,0.04,0.1,Rag Turtles,0.04,0.1
Kurupi,2,Rag Scotland,0.04,0.1,Redwoods Generic,0.02,/
Titanophoneus,3,Mountain Generic,0.04,0.1,Redwoods Generic,0.1,/,SE Wyvern Trench,0.04,0.1
Taniwhasaurus,2,Rag Deep Water,0.075,0.1,Rag Ocean,0.075,0.1
AcrophyseterZygophyseter,2,DarkWater Angler Generic,0.075,0.1,DeepWater Gen,0.05,0.025
Ambulocetus,1,Pelican,0.4,0.25
AnomalocarisLenisicaris,5,Rag Deep Water,0.075,0.1,DarkWater Angler Generic,0.12,0.025,DeepWater Gen,0.12,0.035,Rag Lobster,0.075,0.1,Dark Water,0.12,0.025
Bothrilepis,3,Rag Deep Water,0.075,0.1,DarkWater Angler Generic,0.075,0.1,DeepWater Gen,0.2,0.05
Diadema,4,Rag Deep Water,0.03,0.04,DarkWater Angler Generic,0.03,0.04,DeepWater Gen,0.03,0.04,Rag Ocean,0.03,0.04
Edestus,2,DarkWater Angler Generic,0.075,0.1,Dark Water,0.46,0.25
Henodus,4,Swamp Generic,0.125,0.2,InlandWater Generic,0.3,0.1,RedW Water Generic,0.075,0.1,Rag Water Generic,0.075,0.1
Lepidotes,1,Rag Ocean,0.075,0.1
Materpiscis,2,RedW Water Generic,0.075,0.1,Rag Water Generic,0.075,0.1
Protoceratops,4,Beach Generic,0.1,0.09,SE Badlands,0.1,0.09,SE Canyons,0.1,0.09,SE Green Desert,0.1,0.09
Saurichthys,4,Rag Deep Water,0.04,0.06,DeepWater Gen,0.15,0.055,Rag Ocean,0.075,0.1,Dark Water,0.12,0.025
Sphyrna,3,Rag Deep Water,0.075,0.1,DeepWater Gen,0.3,0.05,Rag Ocean,0.04,0.06
Stethacanthus,3,DarkWater Angler Generic,0.075,0.1,DeepWater Gen,0.1,0.08,Dark Water,0.12,0.025
Europasaurus,1,Rag Scotland,0.06,0.025
Dinocrocuta,4,SE Badlands,0.075,0.1,SE Canyons,0.6,1.0,SE Dunes,0.3,1.0,SE Mountain,0.075,0.1
Smilodon,1,Mountain Generic,0.04,0.06
Arctic Fox,2,Rag SnowForest,0.04,0.06,Rag SnowPlains,0.075,0.1
Greater Arctic Fox,2,Rag SnowForest,0.04,0.06,Rag SnowPlains,0.075,0.1
Globster,1,SE Wyvern Trench,0.075,0.1
Tatzelwurm,1,Cave 1 Generic,0.045,/
Dracoteuthis,1,Rag Golem,0.06,0.1
Draconis Glaucus,1,Rag Ocean,0.025,0.01
Alpha Draconis Glaucus,0
Skyshroud Drakara,7,Mountain Generic,0.0125,0.04,Mountain Generic,0.025,0.04,SE Green Desert,0.025,0.04,SE Mountain,0.025,0.04,SE Oasis,0.02,0.04,Rag Center,0.025,0.04,Gigantoraptor,0.025,0.04
Arctic Drakara,2,Snow Generic,0.025,0.04,Rag SnowPlains,0.025,0.04
Bloodfang Drakara,3,SE Wyvern Trench,0.035,0.04,Rag Center,0.025,0.04,Gigantoraptor,0.025,0.04
Myths Drakra,3,Snow Generic,0.025,0.04,Rag SnowPlains,0.025,0.04,Rag Center,0.01,0.02
Pyro Drakara,5,SE Mountain,0.025,0.04,SE Oasis,0.006,0.04,SE Oasis,0.025,0.04,Rag Center,0.025,0.04,Gigantoraptor,0.025,/
Tropical Drakara,0
Atokirina,0
Mudshieldfish,0
Oxalaia,5,Swamp Generic,0.015,0.015,SE Canyons,0.015,0.015,SE Oasis,0.015,0.015,InlandWater Generic,0.015,0.015,Rag CenterWater,0.015,0.015
Spearcrest,3,Monster Isl Generic,0.015,0.015,Mountain Generic,0.015,0.015,SE Mountain,0.015,0.015
Suchomimus Male,0
Suchomimus Female,0
Alpha Suchomimus,0
Tylosaurus,3,DarkWater Angler Generic,0.075,0.1,DeepWater Gen,0.14,0.12,Rag Ocean,0.04,0.00005
Nothosaurus,4,Beach Generic,0.05,0.002,Rag Jungle,0.2,0.005,RedW Water Generic,0.04,0.05,Rag Water Generic,0.04,0.05
Rubidgea,1,Rag Bison,0.075,0.1
Giant SpinoIrritator,2,Swamp Generic,0.075,0.1,InlandWater Generic,0.006,0.01
Torvosaurus,2,Monster Isl Generic,0.03,0.05,SE Mountain,0.04,0.05
Saurophaganax,2,Monster Isl Generic,0.0125,0.05,Mountain Generic,0.04,0.05
Shonisaurus,2,Rag Ocean,0.04,0.05,DarkWater Mosa,0.5,0.5
Vectispinus,1,Rag Center,0.075,0.05
Antrodemus,3,Rag Scotland,0.01,0.05,Rag Scotland,0.04,0.05,Rag Center,0.02,0.05
Eocarcharia,4,Rag Jungle,0.0175,0.06,Grasslands Generic,0.0175,0.06,Rag Scotland,0.0175,0.06,Rag Center,0.0175,0.06
Daemonis,4,Snow Generic,0.05,0.05,Rag SnowForest,0.04,0.05,Rag Bison,0.01,0.05,Rag Center,0.04,0.05
Dzungariotherium,5,Grasslands Generic,0.02,0.05,Redwoods Generic,0.02,0.05,Swamp Generic,0.02,0.05,Rag Center,0.01,0.05,Rag Griffin,0.04,0.05
Male Bastion Beetle,3,Rag Jungle,0.025,0.025,Grasslands Generic,0.025,0.025,Redwoods Generic,0.025,0.025
Female Bastion Beetle,3,Rag Jungle,0.025,0.025,Grasslands Generic,0.025,0.025,Redwoods Generic,0.025,0.025
Bastion Larvae,7,Rag Jungle,0.025,0.025,Grasslands Generic,0.025,0.025,Redwoods Generic,0.025,0.025,SE Badlands,0.025,0.025,SE Dunes,0.025,0.025,SE Mountain,0.025,0.025,SE Oasis,0.025,0.025
Tyrannodominator,6,Rag Scotland,0.02,/,Rag Scotland,0.02,0.04,Redwoods Generic,0.0075,/,Redwoods Generic,0.02,0.04,Rag Center,0.0075,/,Rag Griffin,0.04,0.05
Sanguivern,1,SE Wyvern Trench,0.05,0.05
Hapipalus,3,Rag SnowPlains,0.05,0.05,Rag Polar Bear,0.05,0.05,InlandWater Generic,0.025,0.025
Desolatitan,1,Giganotosaurus,1.0,1.0
Astral Wyvern,1,SE Wyverns,0.33,0.33
Corrosion Wyvern,1,SE Wyverns,0.33,0.33
Seratine Wyvern,1,SE Wyverns,0.33,0.33
Monolophosaurus,3,Rag Jungle,0.035,0.03,Redwoods Generic,0.03,0.03,Rag Center,0.03,0.03
Noxcalvasaurus,4,Rag Jungle,0.02,0.02,Redwoods Generic,0.02,0.02,SE Badlands,0.02,0.02,Rag Center,0.02,0.02
Royal ArchaeopteryxYixianosaurus,3,Redwoods Generic,0.035,0.035,SE Green Desert,0.035,0.035,Rag Center,0.035,0.035
Diploceraspis,5,Swamp Generic,0.04,0.04,SE Canyons,0.02,0.02,InlandWater Generic,0.02,0.02,RedW Water Generic,0.04,0.04,Rag Water Generic,0.04,0.04
Dryosaurus,3,Rag Jungle,0.02,0.02,SE Green Desert,0.03,0.03,SE Oasis,0.03,0.03
Hector's Dolphin,1,Rag Ocean,0.1,0.06
Ichthyostega,4,Swamp Generic,0.04,0.04,SE Canyons,0.02,0.02,InlandWater Generic,0.02,0.02,Rag CenterWater,0.04,0.04
Onchopristis,4,Rag Deep Water,0.09,0.06,DarkWater Angler Generic,0.06,0.05,DeepWater Gen,0.09,0.06,Rag Ocean,0.09,0.06
Pakasuchus,4,Beach Generic,0.02,0.02,Rag Jungle,0.02,0.02,SE Green Desert,0.03,0.03,SE Oasis,0.03,0.03
Platyoposaurus,4,Swamp Generic,0.03,0.03,SE Canyons,0.02,0.02,InlandWater Generic,0.03,0.03,Rag CenterWater,0.03,0.03
Whatcheeria,5,Swamp Generic,0.03,0.03,SE Canyons,0.02,0.02,InlandWater Generic,0.015,0.015,RedW Water Generic,0.03,0.03,Rag Water Generic,0.03,0.03
Acrophyseter,3,DarkWater Angler Generic,0.06,0.05,DeepWater Gen,0.06,0.05,Rag Ocean,0.06,0.05
Arganodus,2,InlandWater Generic,0.03,0.03,RedW Water Generic,0.03,0.03
Chinlea,2,RedW Water Generic,0.03,0.03,Rag Water Generic,0.03,0.03
Cryptoclidus,2,DeepWater Gen,0.06,0.05,Rag Ocean,0.06,0.05
EdestusLestrodus,3,DarkWater Angler Generic,0.06,0.06,DeepWater Gen,0.03,0.03,Dark Water,0.06,0.06
Goliath Tigerfish,3,Swamp Water Generic,0.025,0.025,InlandWater Generic,0.025,0.025,Rag Water Generic,0.025,0.025
Goonch Catfish,2,RedW Water Generic,0.03,0.03,Rag Water Generic,0.025,0.025
HelicoprionSarcoprion,3,DarkWater Angler Generic,0.06,0.06,DeepWater Gen,0.03,0.03,Dark Water,0.06,0.06
Humboldt Squid,5,Rag Deep Water,0.04,0.04,DarkWater Angler Generic,0.03,0.03,DeepWater Gen,0.04,0.04,Rag Ocean,0.04,0.04,Rag Lobster,0.03,0.03
Hydrotherosaurus,3,DarkWater Angler Generic,0.03,0.03,DeepWater Gen,0.05,0.05,Rag Ocean,0.05,0.05
Leopard Seal,1,Penguins,0.01,0.01
Lungfish,2,InlandWater Generic,0.03,0.03,RedW Water Generic,0.03,0.03
Mawsonia,2,RedW Water Generic,0.02,0.02,Rag Water Generic,0.02,0.02
Ophthalmosaurus,3,Rag Deep Water,0.05,0.05,DeepWater Gen,0.05,0.05,Rag Ocean,0.05,0.05
Orca,1,Rag Ocean,0.035,0.04
Piraiba Catfish,3,Swamp Water Generic,0.025,0.025,InlandWater Generic,0.025,0.025,RedW Water Generic,0.025,0.025
Protostega,1,Rag Ocean,0.045,0.045
TylosaurusKhinjaria,4,Rag Deep Water,0.0225,0.0175,DarkWater Angler Generic,0.03,0.03,DeepWater Gen,0.0225,0.0175,Rag Ocean,0.0225,0.0175
Walrus,1,Penguins,0.04,0.04
Aerosteon,4,Rag Jungle,0.01,0.01,Redwoods Generic,0.015,0.015,SE Badlands,0.015,0.01,Rag Center,0.015,0.015
Albertosaurus,6,Redwoods Generic,0.03,0.03,Snow Generic,0.03,0.03,Rag SnowForest,0.03,0.03,Rag SnowPlains,0.03,0.03,SE Badlands,0.03,0.03,Rag Center,0.03,0.03
Angaturama,12,Rag Jungle,0.02,0.02,Grasslands Generic,0.02,0.02,Mountain Generic,0.02,0.01,Redwoods Generic,0.02,0.02,Swamp Generic,0.035,0.035,SE Badlands,0.02,0.02,SE Canyons,0.02,0.02,SE Green Desert,0.02,0.02,SE Mountain,0.015,0.01,SE Oasis,0.02,0.02,InlandWater Generic,0.02,0.02,Rag Center,0.02,0.02
Anteosaurus,2,SE Badlands,0.035,0.035,SE Mountain,0.035,0.035
Apatosaurus,4,Grasslands Generic,0.015,0.02,SE Dunes,0.015,0.015,SE Green Desert,0.01,0.02,SE Oasis,0.015,0.015
Austroraptor,3,Beach Generic,0.04,0.04,RedW Water Generic,0.015,0.015,Rag Water Generic,0.015,0.015
Brachauchenius,3,Rag Deep Water,0.025,0.02,DeepWater Gen,0.025,0.02,Rag Ocean,0.025,0.02
Cedarosaurus,2,Redwoods Generic,0.03,0.03,Rag Center,0.03,0.03
Chungkingosaurus,2,Swamp Generic,0.03,0.03,Gigantoraptor,0.03,0.03
Deinocheirus,3,Swamp Generic,0.01,0.01,SE Canyons,0.01,0.01,SE Oasis,0.01,0.01
Deltadromeus,3,Beach Generic,0.03,0.03,SE Canyons,0.03,0.03,SE Oasis,0.03,0.03
Diabloceratops,3,Mountain Generic,0.015,0.015,SE Badlands,0.015,0.015,SE Mountain,0.015,0.015
Edmontosaurus,6,Grasslands Generic,0.03,0.03,Redwoods Generic,0.03,0.03,Snow Generic,0.03,0.03,Rag SnowForest,0.03,0.03,Rag SnowPlains,0.03,0.03,Rag Center,0.03,0.03
Epanterias,5,Rag Scotland,0.025,0.025,Monster Isl Generic,0.025,0.025,SE Dunes,0.0125,0.02,SE Green Desert,0.025,0.025,SE Wyvern Trench,0.025,0.025
Erythrosaurus,8,Rag Jungle,0.025,0.025,Grasslands Generic,0.025,0.025,Monster Isl Generic,0.025,0.025,Redwoods Generic,0.025,0.025,SE Badlands,0.025,0.025,SE Green Desert,0.025,0.025,Rag Center,0.025,0.025,Megalania,0.03,0.03
Eryops,6,Swamp Generic,0.02,0.02,Swamp Water Generic,0.04,0.02,SE Canyons,0.04,0.02,SE Oasis,0.03,0.02,InlandWater Generic,0.02,0.02,Megalania,0.03,0.03
Fasolasuchus LoricatusRauisuchus,3,SE Badlands,0.01,0.02,SE Mountain,0.015,0.02,Rag Golem,0.015,0.02
Gargoyleosaurus,4,Grasslands Generic,0.02,0.02,Rag Scotland,0.02,0.02,Damien Generic,0.02,0.02,SE Green Desert,0.03,0.03
Gigatitan,1,SE Dunes,0.05,0.05
Hadal Dragonfish,3,Rag Deep Water,0.05,0.05,DarkWater Angler Generic,0.04,0.04,Dark Water,0.04,0.04
Horned Nurse Shark,3,Rag Deep Water,0.07,0.07,DeepWater Gen,0.07,0.07,Rag Ocean,0.07,0.07
Iguanacolossus,4,Rag Jungle,0.04,0.035,Grasslands Generic,0.035,0.035,Redwoods Generic,0.035,0.035,Rag Center,0.035,0.035
InostranceviaPravoslavlevia,4,SE Canyons,0.04,0.05,SE Green Desert,0.04,0.05,SE Oasis,0.04,0.05,Rag Center,0.02,0.025
Kaikaifilu,4,Rag Ocean,0.03,0.03,InlandWater Generic,0.02,0.03,RedW Water Generic,0.02,0.03,Rag Water Generic,0.02,0.03
Magnapaulia,4,SE Dunes,0.025,0.025,SE Green Desert,0.01,0.01,Rag Center,0.015,0.015,Rag CenterWater,0.02,0.03
Ogre Darner,4,Rag Jungle,0.015,0.015,Mountain Generic,0.025,0.025,Redwoods Generic,0.025,0.025,SE Green Desert,0.025,0.025
Phosphatodraco,4,Beach Generic,0.025,0.025,SE Canyons,0.025,0.025,Rag Monkey Island,0.025,0.025,Rag Jerboa,0.025,0.025
Skorpiovenator,5,Rag Jungle,0.035,0.035,Redwoods Generic,0.035,0.035,SE Green Desert,0.025,0.025,Rag Bison,0.025,0.025,Rag Center,0.035,0.035
Squalicorax,2,RedW Water Generic,0.025,0.025,Rag Water Generic,0.025,0.025
SuchomimusRiparovenator,4,Swamp Generic,0.015,0.015,SE Canyons,0.02,0.015,SE Oasis,0.02,0.015,InlandWater Generic,0.015,0.015
Tarchia,5,Mountain Generic,0.025,0.025,SE Badlands,0.025,0.025,SE Green Desert,0.025,0.025,SE Mountain,0.025,0.025,SE Oasis,0.025,0.025
Torosaurus,6,Grasslands Generic,0.035,0.035,SE Green Desert,0.03,0.03,InlandWater Generic,0.03,0.03,RedW Water Generic,0.03,0.03,Rag Water Generic,0.03,0.03,Rag Bison,0.03,0.03
Tyrannomimus,2,SE Canyons,0.03,0.03,SE Oasis,0.03,0.03
Tyrannotitan,5,Grasslands Generic,0.0125,0.0125,Monster Isl Generic,0.0125,0.0125,Mountain Generic,0.0125,0.0125,SE Green Desert,0.0125,0.0125,SE Mountain,0.0125,0.0125
Vallibonavenatrix,5,Beach Generic,0.01,0.01,Rag Deep Water,0.035,0.035,DeepWater Gen,0.035,0.035,Rag Ocean,0.035,0.035,Rag CenterWater,0.03,0.03
Alpha Vallibonavenatrix,0
Xuanhanosaurus,5,Rag Scotland,0.05,0.05,Monster Isl Generic,0.03,0.03,Mountain Generic,0.03,0.03,SE Badlands,0.03,0.03,SE Mountain,0.03,0.03
YangchuanosaurusShidaisaurus,6,Rag Scotland,0.05,0.05,Damien Generic,0.05,0.05,Monster Isl Generic,0.03,0.03,Mountain Generic,0.025,0.025,SE Badlands,0.025,0.025,SE Mountain,0.025,0.025
Plateosaurus,2,Rag Jungle,0.15,0.1,Rag Scotland,0.15,0.1
Diamantinasaurus,2,Rag Scotland,0.055,0.06,Redwoods Generic,0.055,0.06
Muttaburrasaurus,3,Rag Jungle,0.0225,0.035,Rag Scotland,0.015,0.025,Damien Generic,0.03,0.03
Minmi,1,Beach Generic,0.1,0.1
Argentinosaurus,1,Titanosaur,1.0,0.5
Majungasaurus,4,SE Green Desert,0.03,0.03,SE Mountain,0.03,0.03,Rag Center,0.04,/,Rag Griffin,0.03,0.03
Walliserops,3,Beach Generic,0.09,/,SE Canyons,0.07,/,SE Oasis,0.03,0.03
Barsboldia,3,SE Canyons,0.01,0.05,SE Green Desert,0.0225,0.075,SE Oasis,0.0225,0.075
Sivatherium,4,Rag Jungle,0.03,0.03,Rag Scotland,0.03,0.03,Damien Generic,0.03,0.03,SE Badlands,0.04,0.04
Cockatrice,1,SE Dunes,0.02,0.02
Brachiosaurus,3,Grasslands Generic,0.0425,0.015,Rag Scotland,0.03,0.03,Damien Generic,0.03,0.03
Meraxes,3,Rag Scotland,0.02,0.05,Redwoods Generic,0.04,0.09,Rag SnowForest,0.03,0.05
Runic Quartz Wyvern,5,SE Badlands,0.06,0.06,Rag Griffin,0.03,0.03,Rag Turtles,0.02,0.02,Rag Monkey Island,0.02,0.02,Rag Jerboa,0.02,0.02
Runic Lantern Halo Wyvern,7,Rag Jungle,0.03,0.03,SE Green Desert,0.03,0.03,SE Mountain,0.03,0.03,Rag Griffin,0.02,0.02,Rag Turtles,0.03,0.03,Rag Monkey Island,0.03,0.03,Rag Jerboa,0.03,0.03
Styracosaurus,3,Rag Scotland,0.05,0.075,Rag SnowForest,0.05,0.075,Rag SnowPlains,0.05,0.075
Stygimoloch,3,Beach Generic,0.05,0.1,Snow Generic,0.05,0.075,Rag SnowForest,0.05,0.075
Skjaldastordr AnkyloAnodontosaurus,2,SE Wyvern Trench,0.05,0.06,Rag Turtles,0.05,0.06
Pygmy HippoProminatherium,2,Rag Turtles,0.1,0.1,Rag Jerboa,0.03,0.04
Gargant SpinoSigilmassasaurus,0
Red Panda,5,Rag Jungle,0.03,0.04,Rag Scotland,0.003,0.003,Damien Generic,0.02,0.03,Rag Bison,0.003,0.003,Gigantoraptor,0.02,0.03
Thorax Spider,4,Rag Jungle,0.07,0.08,SE Dunes,0.07,0.08,Rag Golem,0.07,0.08,Megalania,0.035,0.08
Magna Gecko,3,Gigantoraptor,0.02,0.03,Rag Monkey Island,0.02,0.03,Rag Jerboa,0.02,0.03
Husky Wolf,0
Stegotetrabelodon,2,Rag Scotland,0.007,0.005,SE Dunes,0.01,0.01
GingerpithecusCapuchin,0
Star GeckoGekko,2,Rag Jungle,0.02,0.03,Rag Scotland,0.02,0.03
Star PenguinPalaeeudyptes,1,Penguins,0.5,0.5
Star LeatherwingLeatherwing,1,SE Oasis,0.1,0.1
Star CrowCorvus,3,SE Badlands,0.02,0.03,SE Canyons,0.02,0.03,SE Mountain,0.1,0.1
BaculiteEohamites,6,DarkWater Angler Generic,0.04,0.05,DeepWater Gen,0.04,0.05,Rag Ocean,0.25,/,Rag CenterWater,0.2,/,Rag Shark Fish,0.15,/,Dark Water,0.25,/
Dugong,3,DeepWater Gen,0.04,0.05,Rag Ocean,0.12,0.08,Rag CenterWater,0.04,0.05
Medichelon,3,DeepWater Gen,0.04,0.05,Rag Ocean,0.18,0.08,Rag CenterWater,0.1,0.08
Galvarex,3,Snow Generic,0.01,0.02,Rag Polar Bear,0.04,0.05,SE Dunes,0.025,0.025
Alpha Galvarex,0
Royal Owl Griffin,2,Snow Generic,0.0125,0.1,SE Oasis,0.0125,0.1
Radiant Owl Griffin,2,Snow Generic,0.0125,0.1,SE Mountain,0.0125,0.1
Nyctatyrannus Rex,1,SE Mountain,0.03,0.03
Nyctatyrannus Imperator,2,SE Dunes,0.05,0.05,SE Mountain,0.03,0.03
Nyctatyrannus Echidne,3,SE Mountain,0.02,0.02,SE Mountain,0.03,0.03,SE Oasis,0.075,0.05
Paddletail SpinoRiojavenatrix,2,RedW Water Generic,0.03,0.03,Rag CenterWater,0.049,0.02
Orycterocetus,3,Rag Deep Water,0.03,0.03,DarkWater Angler Generic,0.03,0.03,DarkWater Tuso,0.5,0.1
D-ShantungosaurusShantungosaurus,2,SE Green Desert,0.075,0.7,SE Mountain,0.05,0.075
BoarHogMetridiochoerus,2,Monster Isl Generic,0.04,0.04,Mountain Generic,0.04,0.04
ChickenMihirung,3,Beach Generic,0.08,0.08,Grasslands Generic,0.08,0.08,SE Green Desert,0.08,0.08
Beeg ChickenGreater Mihirung,0
MockatooMacaw,3,Beach Generic,0.03,0.04,Rag Jungle,0.05,0.05,SE Oasis,0.05,0.05
Moo-CowBos,3,Grasslands Generic,0.08,0.06,Rag Scotland,0.04,0.04,SE Green Desert,0.08,0.06
Kretzoiarctos,4,Rag Jungle,0.015,0.015,Redwoods Generic,0.01,0.01,Redwoods Generic,0.04,0.04,Rag Center,0.01,0.01
Ursus AmericanusProtarctos,3,SE Green Desert,0.025,0.025,SE Mountain,0.04,0.04,Rag Center,0.05,0.05
Clay AnkyloShamosaurus,5,Damien Generic,0.04,0.04,Monster Isl Generic,0.04,0.04,Mountain Generic,0.15,/,SE Mountain,0.15,/,Rag Mudslide,0.04,0.04
Clay Greater AnkyloTsagantegia,2,SE Dunes,0.04,0.04,SE Mountain,0.15,/
Clay LeedsichtysBonnerichthys,2,DeepWater Gen,0.04,0.04,Rag Ocean,0.4,0.1
Clay Great PachyrhinoAchelousaurus,5,Rag SnowForest,0.04,0.04,Rag SnowPlains,0.06,0.07,Rag Polar Bear,0.04,0.04,SE Green Desert,1,/,SE Mountain,1,/
Clay RexBistahieversor,1,SE Dunes,0.06,0.07
Clay Rag TrikeRegaliceratops,4,Rag Scotland,0.035,/,Rag SnowForest,0.08,/,SE Canyons,0.06,0.07,SE Mountain,0.06,0.07
Clay Greater TrikePentaceratops,6,Rag Scotland,0.018,/,Mountain Generic,0.035,/,Redwoods Generic,0.006,/,Rag SnowForest,0.016,/,SE Canyons,0.03,0.04,SE Mountain,0.03,0.04
Greater KentrosaurusDacentrurus,3,Swamp Generic,0.03,0.04,SE Wyvern Trench,0.03,0.04,Rag Turtles,0.03,0.04
Greater MoschopsUlemosaurus,3,Beach Generic,0.02,0.03,Rag Jungle,0.03,0.04,Grasslands Generic,0.03,0.04
Kentriodon,0
(Appa) BisonLeptobos,0
(Appa) BrontosaurusBarosaurus,0
(Appa) EquusCalippus,0
(Appa) GallimimusQiupalong,3,Rag Jungle,0.03,0.04,Rag Scotland,0.03,0.04,Monster Isl Generic,0.03,0.04
(Appa) HyaenodonGalecyon,0
(Appa) IguanodonBatyrosaurus,0
(Appa) MammothPalaeoloxodon,0
(Appa) MegalocerosEucladoceros,0
(Appa) ParasaurJaxartosaurus,0
(Appa) StegosaurusHesperosaurus,0
(Appa) TriceratopsAnchiceratops,0
(Appa) Wooly RhinoElasmotherium,0
Achatina,0
Acrocanthosaurus,0
Allosaurus,0
Amargasaurus,3,Damien Generic,0.03,0.04,Swamp Generic,0.03,0.04,SE Dunes,0.02,0.1
Ammonite,0
Andrewsarchus,2,Rag Scotland,0.03,0.04,SE Badlands,0.03,0.04
Anglerfish,0
Ankylosaurus,0
Araneo,0
Archaeopteryx,0
Archelon,0
Argentavis,0
Armadoggo,2,SE Canyons,0.03,0.04,SE Dunes,0.03,0.04
Arthropluera,0
Astrocetus,0
Astrodelphis,0
Aureliax,1,Quetzal,0.5,0.5
Baryonyx,0
Basilisk,1,Rag Golem,0.05,0.05
Basilosaurus,0
Beelzebufo,0
Bison,0
Bloodstalker,2,Redwoods Generic,0.0125,0.2,SE Wyvern Trench,0.05,0.05
Boaratos,0
Brontosaurus,0
Bulbdog,1,Rag Temple,0.05,0.05
Burrowbuck,0
Carbonemys,0
Carcharodontosaurus,0
Carnotaurus,0
Castoroides,0
Cat,0
Ceratosaurus,0
Chalicotherium,0
Cnidaria,0
Coelacanth,0
Compy,0
Cosmo,2,Rag Jungle,0.05,0.05,Gigantoraptor,0.05,0.05
Cryolophosaurus,1,Snow Generic,0.05,0.05
Daeodon,0
Deathworm,0
Defense Unit,1,Rag Turtles,0.05,0.05
Deinonychus,2,Rag Griffin,0.05,0.05,Dreadmare,0.05,0.05
Deinosuchus,0
Deinotherium,0
Desmodus,1,SE Wyvern Trench,0.05,0.05
Dilophosaur,0
Dimetrodon,0
Dimorphodon,0
Dinopithecus,1,Redwoods Generic,0.06,/
Diplocaulus,0
Diplodocus,0
Dire Bear,0
Direwolf,0
Dodo,0
Doedicurus,0
Spring Drakeling,0
Summer Drakeling,0
Autumn Drakeling,0
Winter Drakeling,0
Dreadmare,0
Dreadnoughtus,1,SE Dunes,0.05,0.05
Dung Beetle,0
Dunkleosteus,0
Elderclaw,0
Electrophorus,0
Enforcer,1,Rag Turtles,0.05,0.05
Equus,0
Eurypterid,0
Fasolasuchus,0
Featherlight,0
Ferox,1,Rag Polar Bear,0.05,0.05
Fjordhawk,1,Redwoods Generic,0.03,0.05
Gacha,1,Dreadmare,0.05,0.05
Gallimimus,0
Gasbags,1,Dreadmare,0.05,0.05
Giant Queen Bee,0
Giganotosaurus,0
Gigantopithecus,0
Gigantoraptor,0
Gloon,1,SE Wyvern Trench,0.02,0.02
Glowbug,0
Glowtail,1,Rag Temple,0.05,0.05
Grand TortugarVanilla,0
Griffin,0
Helicoprion,0
Hesperornis,0
Hyaenodon,0
Ichthyornis,0
Ichthyosaurus,0
Iguanodon,0
Jerboa,0
Jugbug Water,0
Jugbug Oil,0
Kairuku,0
Kaprosuchus,0
Karkinos,0
Kentrosaurus,0
Lamprey,0
Leech,0
Leedsichtys,2,DeepWater Gen,0.04,0.04,Rag Ocean,0.04,0.04
Liopleurodon,2,Rag Deep Water,0.04,0.04,DeepWater Gen,0.04,0.04
Lymantria,0
Lystrosaurus,0
Maeguana,2,Monster Isl Generic,0.04,0.04,Mountain Generic,0.04,0.04
Maewing,2,Grasslands Generic,0.04,0.04,Rag Scotland,0.04,0.04
Magmasaur,0
Malwyn,1,SE Wyvern Trench,0.04,0.04
Mammoth,0
Managarmr,2,Rag SnowForest,0.04,0.04,Rag SnowPlains,0.04,0.04
Manta,0
Mantis,0
Megachelon,0
Megalania,0
Megaloceros,0
Megalodon,0
Megalosaurus,0
Meganeura,0
Megaraptor,1,Rag Griffin,0.04,0.04
Megatherium,0
Mesopithecus,0
Microraptor,0
Morellatops,0
Mosasaur,0
Moschops,0
Nameless,0
Neophyte,0
Noglin,0
Oasisaur,1,SE Dunes,0.02,0.02
Onyc,0
Ossidon,1,SE Wyvern Trench,0.04,0.04
Otter,0
Oviraptor,0
Ovis,0
Pachy,0
Pachyrhinosaurus,0
Palaeoctopus,0
Paraceratherium,0
Parakeet Fish School,0
Parasaur,0
Pegomastax,0
Pelagornis,0
Phiomia,0
Phoenix,1,SE Dunes,0.02,0.02
Piranha,0
Plesiosaur,0
Procoptodon,0
Pteranodon,0
Pulmonoscorpius,0
Purlovia,0
Pyromane,0
Quetzal,0
Raptor,0
Ravager,2,SE Badlands,0.04,0.04,SE Canyons,0.04,0.04
Reaper Queen,1,SE Dunes,0.04,0.04
Rex,0
Rhyniognatha,0
Rock Drake,1,Rag Ab Megalania,0.1,0.1
Rock Elemental,0
Roll Rat,2,Redwoods Generic,0.04,0.04,SE Canyons,0.04,0.04
Sabertooth,0
Sabertooth Salmon,0
Sarco,0
Scout,1,Rag Turtles,0.04,0.04
Seeker,1,Rag Karkinos,0.04,0.04
Shadowmane,1,Rhyniogantha,0.2,0.2
Shastasaurus,2,DeepWater Gen,0.03,0.04,Rag Ocean,0.03,0.04
Shinehorn,0
Sinomacrops,3,Rag Jungle,0.03,0.04,Mountain Generic,0.15,0.1,Redwoods Generic,0.03,0.04
Snow Owl,2,Snow Generic,0.03,0.04,Rag SnowForest,0.03,0.04
Solwyn,2,Redwoods Generic,0.03,0.04,Rag SnowPlains,0.03,0.04
Spinosaurus,0
Stegosaurus,0
Tapejara,0
Tek Stryder,0
Terror Bird,0
Therizinosaurus,0
Thorny Dragon,0
Thylacoleo,0
Titanoboa,0
Titanomyra,0
Titanosaur,0
Triceratops,0
Trilobite,0
Troodon,0
Tropeognathus,1,Pelican,0.03,0.04
Tusoteuthis,0
Unicorn,0
Veilwyn,2,Snow Generic,0.03,0.04,Rag SnowPlains,0.03,0.04
Velonasaur,2,SE Dunes,0.03,0.04,SE Wyvern Trench,0.03,0.04
Vulture,0
Woolly Rhino,0
Xiphactinus,2,Rag Deep Water,0.04,0.04,DarkWater Angler Generic,0.04,0.04
Yi Ling,3,Rag Jungle,0.03,0.04,Grasslands Generic,0.01,0.02,Damien Generic,0.03,0.04
Yutyrannus,0
Fire Wyvern,0
Lightning Wyvern,0
Poison Wyvern,0
Ice Wyvern,0
Voidwyrm,0
Blood Crystal Wyvern,1,Rag Center,0.03,0.04
Ember Crystal Wyvern,1,Rag Scotland,0.03,0.04
Tropical Crystal Wyvern,1,Beach Generic,0.03,0.04
Tek Parasaur,0
Tek Quetzal,0
Tek Raptor,0
Tek Rex,0
Tek Stego,0
Tek Trike,0
Desert Titan,0
Forest Titan,0
Ice Titan,0
