DinoName,Info,FromClass,DinoName,ToClass1,ChanceTo1,DinoName,ToClass2,ChanceTo2,DinoName,ToClass3,ChanceTo3,DinoName,ToClass4,ChanceTo4,DinoName,ToClass5,ChanceTo5,DinoName,ToClass6,ChanceTo6,DinoName,ToClass7,ChanceTo7
Eerie Genyo,10% of normal,/PrehistoricBeasts2/Genyodectes/BPs/Genyodectes_Character_BP_Eerie.Genyodectes_Character_BP_Eerie,Genyodectes,/PrehistoricBeasts2/Genyodectes/BPs/Genyodectes_Character_BP.Genyodectes_Character_BP,100,,,,,,,,,,,,,,,,,,
Eerie Haino,10% of normal,/PrehistoricBeasts3/Hainosaurus/BPs/Hainosaurus_Character_BP_Eerie.Hainosaurus_Character_BP_Eerie,Hainosaurus,/PrehistoricBeasts3/Hainosaurus/BPs/Hainosaurus_Character_BP.Hainosaurus_Character_BP,100,,,,,,,,,,,,,,,,,,
Eerie Nasuto,10% of normal,/Beasts/Nasutoceratops/BPs/Nasutoceratops_Character_BP_Eerie.Nasutoceratops_Character_BP_Eerie,Nasutoceratops,/Beasts/Nasutoceratops/BPs/Nasutoceratops_Character_BP.Nasutoceratops_Character_BP,100,,,,,,,,,,,,,,,,,,
Eerie Masso,10% of normal,/PrehistoricBeasts4/Massospondylus/BPs/Massospondylus_Character_BP_Eerie.Massospondylus_Character_BP_Eerie,Massospondylus,/PrehistoricBeasts4/Massospondylus/BPs/Massospondylus_Character_BP.Massospondylus_Character_BP,100,,,,,,,,,,,,,,,,,,
Eerie Neovenator,10% of normal,/Beasts/Neovenator/BPs/Neovenator_Character_BP_Eerie.Neovenator_Character_BP_Eerie,Neovenator,/Beasts/Neovenator/BPs/Neovenator_Character_BP.Neovenator_Character_BP,100,,,,,,,,,,,,,,,,,,
Eerie Paraxeni,10% of normal,/PrehistoricBeasts2/Paraxenisaurus/BPs/Paraxenisaurus_Character_BP_Eerie.Paraxenisaurus_Character_BP_Eerie,Paraxenisaurus,/PrehistoricBeasts2/Paraxenisaurus/BPs/Paraxenisaurus_Character_BP.Paraxenisaurus_Character_BP,100,,,,,,,,,,,,,,,,,,
Eerie Pinaco,10% of normal,/PrehistoricBeasts3/Pinacosaurus/BPs/Pinacosaurus_Character_BP_Eerie.Pinacosaurus_Character_BP_Eerie,Pinacosaurus,/PrehistoricBeasts3/Pinacosaurus/BPs/Pinacosaurus_Character_BP.Pinacosaurus_Character_BP,100,,,,,,,,,,,,,,,,,,
Eerie Scelido,10% of normal,/PrehistoricBeasts4/Scelidosaurus/BPs/Scelidosaurus_Character_BP_Eerie.Scelidosaurus_Character_BP_Eerie,Scelidosaurus,/PrehistoricBeasts4/Scelidosaurus/BPs/Scelidosaurus_Character_BP.Scelidosaurus_Character_BP,100,,,,,,,,,,,,,,,,,,
Eerie Puru,10% of normal,/PrehistoricBeastsPartV/Purussaurus/BPs/Purussaurus_Character_BP_Eerie.Purussaurus_Character_BP_Eerie,Purussaurus,/PrehistoricBeastsPartV/Purussaurus/BPs/Purussaurus_Character_BP.Purussaurus_Character_BP,100,,,,,,,,,,,,,,,,,,
Eerie Sinorn,10% of normal,/PrehistoricBeastsPartV/Sinornithoides/BPs/Sinornithoides_Character_BP_Eerie.Sinornithoides_Character_BP_Eerie,Sinornithoides,/PrehistoricBeastsPartV/Sinornithoides/BPs/Sinornithoides_Character_BP.Sinornithoides_Character_BP,100,,,,,,,,,,,,,,,,,,
Evo Rex,replaces vanilla fully,/PA_EVO_Pack_01/Dinos/EVO_Rex/EVO_Rex_Character_BP.EVO_Rex_Character_BP,Vanilla Rex,/Game/PrimalEarth/Dinos/Rex/Rex_Character_BP.Rex_Character_BP,95,Tek Rex,/Game/PrimalEarth/Dinos/Rex/BionicRex_Character_BP.BionicRex_Character_BP,5,,,,,,,,,,,,,,,
Evo Tarbo,replaces vanilla on SE,/PA_EVO_Pack_01/Dinos/EVO_Rex/Tarbo/EVO_Tarbo_Character_BP.EVO_Tarbo_Character_BP,Evo Tarbo,/PA_EVO_Pack_01/Dinos/EVO_Rex/Tarbo/EVO_Tarbo_Character_BP.EVO_Tarbo_Character_BP,50,Vanilla Rex,/Game/PrimalEarth/Dinos/Rex/Rex_Character_BP.Rex_Character_BP,50,,,,,,,,,,,,,,,
Evo Tek Rex,replaces vanilla fully,/PA_EVO_Pack_01/Dinos/EVO_Rex/Bionic/EVO_Tek_Rex_Character_BP.EVO_Tek_Rex_Character_BP,Evo Tek Rex,/PA_EVO_Pack_01/Dinos/EVO_Rex/Bionic/EVO_Tek_Rex_Character_BP.EVO_Tek_Rex_Character_BP,50,Tek Rex,/Game/PrimalEarth/Dinos/Rex/BionicRex_Character_BP.BionicRex_Character_BP,50,,,,,,,,,,,,,,,
Alpha Evo Rex,replaces vanilla fully,/PA_EVO_Pack_01/Dinos/EVO_Rex/Alpha/EVO_Alpha_Rex_Character_BP.EVO_Alpha_Rex_Character_BP,Alpha Evo Rex,/PA_EVO_Pack_01/Dinos/EVO_Rex/Alpha/EVO_Alpha_Rex_Character_BP.EVO_Alpha_Rex_Character_BP,50,Vanilla Alpha Rex,/Game/PrimalEarth/Dinos/Rex/MegaRex_Character_BP.MegaRex_Character_BP,50,,,,,,,,,,,,,,,
Corrupt Evo Rex,replaces vanilla fully,/PA_EVO_Pack_01/Dinos/EVO_Rex/Extinction/EVO_Corrupt_Rex_Character_BP.EVO_Corrupt_Rex_Character_BP,Corrupt Evo Rex,/PA_EVO_Pack_01/Dinos/EVO_Rex/Extinction/EVO_Corrupt_Rex_Character_BP.EVO_Corrupt_Rex_Character_BP,50,Corrupt Rex,/Game/Extinction/Dinos/Corrupt/Rex/Rex_Character_BP_Corrupt.Rex_Character_BP_Corrupt,50,,,,,,,probably works?,,,,,,,,
Corrupt Evo Alpha Rex,replaces vanilla fully,/PA_EVO_Pack_01/Dinos/EVO_Rex/Extinction/EVO_Alpha_Corrupt_Tek_Rex_Character_BP.EVO_Alpha_Corrupt_Tek_Rex_Character_BP,Corrupt Evo Alpha Rex,/PA_EVO_Pack_01/Dinos/EVO_Rex/Extinction/EVO_Alpha_Corrupt_Tek_Rex_Character_BP.EVO_Alpha_Corrupt_Tek_Rex_Character_BP,50,Corrupt Alpha Rex,/Game/Extinction/Dinos/Corrupt/Rex/MegaRex_Character_BP_Corrupt.MegaRex_Character_BP_Corrupt,50,,,,,,,probably works?,,,,,,,,
Corrupt Evo Giga,replaces vanilla fully,/PA_EVO_Pack_01/Dinos/EVO_Giga/Extinction/EVO_Corrupt_Giga_Character_BP.EVO_Corrupt_Giga_Character_BP,Corrupt Evo Giga,/PA_EVO_Pack_01/Dinos/EVO_Giga/Extinction/EVO_Corrupt_Giga_Character_BP.EVO_Corrupt_Giga_Character_BP,50,Corrupt Giga,/Game/Extinction/Dinos/Corrupt/Giganotosaurus/Gigant_Character_BP_Corrupt.Gigant_Character_BP_Corrupt,50,,,,,,,probably works?,,,,,,,,
Revenant Evo Rex,replaces vanilla fully,/PA_EVO_Pack_01/Dinos/EVO_Rex/Zombie/EVO_Rex_Character_BP_Corrupted_Zombie.EVO_Rex_Character_BP_Corrupted_Zombie,Revenant Evo Rex,/PA_EVO_Pack_01/Dinos/EVO_Rex/Zombie/EVO_Rex_Character_BP_Corrupted_Zombie.EVO_Rex_Character_BP_Corrupted_Zombie,50,Revenant Rex,/Game/LostColony/Dinos/ZombieDino/Rex/Rex_Character_BP_Corrupt_Zombie.Rex_Character_BP_Corrupt_Zombie,50,,,,,,,probably works?,,,,,,,,
Evo Giga,replaces vanilla fully,/PA_EVO_Pack_01/Dinos/EVO_Giga/EVO_Giga_Character_BP.EVO_Giga_Character_BP,Vanilla Giga,/Game/PrimalEarth/Dinos/Giganotosaurus/Gigant_Character_BP.Gigant_Character_BP,100,,,,,,,,,,,,,,,,,,
Evo Mosa,replaces vanilla fully,/PA_EVO_Pack_02/Dinos/EVO_Mosa/EVO_Mosa_Character_BP.EVO_Mosa_Character_BP,Evo Mosa,/PA_EVO_Pack_02/Dinos/EVO_Mosa/EVO_Mosa_Character_BP.EVO_Mosa_Character_BP,50,Vanilla Mosa,/Game/PrimalEarth/Dinos/Mosasaurus/Mosa_Character_BP.Mosa_Character_BP,50,,,,,,,,,,,,,,,
Alpha Evo Mosa,replaces vanilla fully,/PA_EVO_Pack_02/Dinos/EVO_Mosa/Alpha/EVO_Alpha_Mosa_Character_BP.EVO_Alpha_Mosa_Character_BP,Alpha Evo Mosa,/PA_EVO_Pack_02/Dinos/EVO_Mosa/Alpha/EVO_Alpha_Mosa_Character_BP.EVO_Alpha_Mosa_Character_BP,50,Alpha Mosa,/Game/PrimalEarth/Dinos/Mosasaurus/Mosa_Character_BP_Mega.Mosa_Character_BP_Mega,50,,,,,,,,,,,,,,,
Evo Cave Mosa,replaces vanilla fully,/PA_EVO_Pack_02/Dinos/EVO_Mosa/Alpha/EVO_Cave_Mosa_Character_BP.EVO_Cave_Mosa_Character_BP,Cave Mosa,/Game/PrimalEarth/Dinos/Mosasaurus/Mosa_Character_BP_Cave.Mosa_Character_BP_Cave,100,,,,,,,,,,probably works?,,,,,,,,
Alpha Evo Cave Mosa,replaces vanilla fully,/PA_EVO_Pack_02/Dinos/EVO_Mosa/Alpha/EVO_Cave_Alpha_Mosa_Character_BP.EVO_Cave_Alpha_Mosa_Character_BP,Alpha Cave Mosa,/Game/PrimalEarth/Dinos/Mosasaurus/Mosa_Character_BP_Mega_Cave.Mosa_Character_BP_Mega_Cave,100,,,,,,,,,,probably works?,,,,,,,,
Evo Bronto,replaces vanilla fully,/PA_EVO_Pack_03/Dinos/EVO_Bronto/EVO_Bronto_Character_BP.EVO_Bronto_Character_BP_C,Vanilla Bronto,/Game/PrimalEarth/Dinos/Sauropod/Sauropod_Character_BP.Sauropod_Character_BP,50,Appa Bronto,/KalugasAppalachianDenizens/Dinos/Dinosaurs/AppalachianBrontosairis/ASauropod_Character_BP.ASauropod_Character_BP,50,,,,,,,,,,,,,,,
Evo Therizino,replaces vanilla fully,/PA_EVO_Pack_03/Dinos/EVO_Therizino/EVO_Therizino_Character_BP.EVO_Therizino_Character_BP,Evo Therizino,/PA_EVO_Pack_03/Dinos/EVO_Therizino/EVO_Therizino_Character_BP.EVO_Therizino_Character_BP,50,Vanilla Therizino,/Game/PrimalEarth/Dinos/Therizinosaurus/Therizino_Character_BP.Therizino_Character_BP,50,,,,,,,,,,,,,,,
(Appa) Elasmotherium,25% of wooly,/KalugasAppalachianDenizens/Dinos/Mammals/Elasmotherium/Elasmotherium_Character_BP.Elasmotherium_Character_BP,Appa Wooly,/KalugasAppalachianDenizens/Dinos/Mammals/Appalachian_WoollyRhino/AppalachianRhino_Character_BP.AppalachianRhino_Character_BP,100,,,,,,,,,,no idea,,,,,,,,
(Appa) Caribou,25% of megaloceros,/KalugasAppalachianDenizens/Dinos/Mammals/Caribou/Caribou_Character_BP.Caribou_Character_BP,Appa Megaloceros,/KalugasAppalachianDenizens/Dinos/Mammals/Appalachian_Megaloceros/AppalachianMegaloceros_Character_BP.AppalachianMegaloceros_Character_BP,100,,,,,,,,,,no idea,,,,,,,,
Small Thorax,30% of big thorax,/CyrusJumpingSpider/Content/Spider/Jumper/CuteThoraxSpider_Character_BP.CuteThoraxSpider_Character_BP,Thorax Spider,/CyrusJumpingSpider/Content/Spider/Jumper/ThoraxSpider_Character_BP.ThoraxSpider_Character_BP,100,,,,,,,,,,,,,,,,,,
Istiophorus,replaces multiple fish,/Atlas_Fish/Marlin/Istiophorus_Character_BP.Istiophorus_Character_BP,Vanilla Coelacanth,/Game/PrimalEarth/Dinos/Coelacanth/Coel_Character_BP.Coel_Character_BP,100,,,,,,,,,,,,,,,,,,
Aberrant Istiophorus,replaces multiple fish,/Atlas_Fish/Marlin/Istiophorus_Character_BP_Aberrant.Istiophorus_Character_BP_Aberrant,Vanilla Aberrant Coelacanth,/Game/PrimalEarth/Dinos/Coelacanth/Coel_Character_BP_Aberrant.Coel_Character_BP_Aberrant,100,,,,,,,,,,,,,,,,,,
Vanilla Parasaur,set a 5% chance for tek,/Game/PrimalEarth/Dinos/Para/Para_Character_BP.Para_Character_BP,Vanilla Parasaur,/Game/PrimalEarth/Dinos/Para/Para_Character_BP.Para_Character_BP,95,Appa Parasaur,/KalugasAppalachianDenizens/Dinos/Dinosaurs/Appalachian_Parasaur/AppalachianPara_Character_BP.AppalachianPara_Character_BP,25,Tek Parasaur,/Game/PrimalEarth/Dinos/Para/BionicPara_Character_BP.BionicPara_Character_BP,5,,,,,,,,,,,,
Vanilla Quetzal,set a 5% chance for tek,/Game/PrimalEarth/Dinos/Quetzalcoatlus/Quetz_Character_BP.Quetz_Character_BP,Vanilla Quetzal,/Game/PrimalEarth/Dinos/Quetzalcoatlus/Quetz_Character_BP.Quetz_Character_BP,95,Tek Quetzal,/Game/PrimalEarth/Dinos/Quetzalcoatlus/BionicQuetz_Character_BP.BionicQuetz_Character_BP,5,,,,,,,,,,,,,,,
Vanilla Raptor,set a 5% chance for tek,/Game/PrimalEarth/Dinos/Raptor/Raptor_Character_BP.Raptor_Character_BP,Vanilla Raptor,/Game/PrimalEarth/Dinos/Raptor/Raptor_Character_BP.Raptor_Character_BP,95,Tek Raptor,/Game/PrimalEarth/Dinos/Raptor/BionicRaptor_Character_BP.BionicRaptor_Character_BP,5,,,,,,,,,,,,,,,
Vanilla Stego,set a 5% chance for tek,/Game/PrimalEarth/Dinos/Stego/Stego_Character_BP.Stego_Character_BP,Vanilla Stego,/Game/PrimalEarth/Dinos/Stego/Stego_Character_BP.Stego_Character_BP,70,Appa Stego,/KalugasAppalachianDenizens/Dinos/Dinosaurs/AppalachianStegosaurus/AppalachianStego_Character_BP.AppalachianStego_Character_BP,25,Tek Stego,/Game/PrimalEarth/Dinos/Stego/BionicStego_Character_BP.BionicStego_Character_BP,5,,,,,,,,,,,,
Vanilla Trike,set a 5% chance for tek,/Game/PrimalEarth/Dinos/Trike/Trike_Character_BP.Trike_Character_BP,Vanilla Trike,/Game/PrimalEarth/Dinos/Trike/Trike_Character_BP.Trike_Character_BP,70,Appa Trike,/KalugasAppalachianDenizens/Dinos/Dinosaurs/AppalachianTriceratops/AppalachianTrike_Character_BP.AppalachianTrike_Character_BP,25,Tek Trike,/Game/PrimalEarth/Dinos/Trike/BionicTrike_Character_BP.BionicTrike_Character_BP,5,,,,,,,,,,,,
Vanilla Ab Megalania,replace the ones in wyv cave,/Game/PrimalEarth/Dinos/Megalania/Megalania_Character_BP_Aberrant.Megalania_Character_BP_Aberrant,Vanilla Megalania,/Game/PrimalEarth/Dinos/Megalania/Megalania_Character_BP.Megalania_Character_BP,100,,,,,,,,,,,,,,,,,,
Appa Equus,50%,/KalugasAppalachianDenizens/Dinos/Mammals/WildHorse/Pinto/AppalachianEquus_Character_BP.AppalachianEquus_Character_BP,Appa Equus,/KalugasAppalachianDenizens/Dinos/Mammals/WildHorse/Pinto/AppalachianEquus_Character_BP.AppalachianEquus_Character_BP,40,Vanilla Equus,/Game/PrimalEarth/Dinos/Equus/Equus_Character_BP.Equus_Character_BP,60,,,,,,,,,,,,,,,
Appa Bison,70%,/KalugasAppalachianDenizens/Dinos/Mammals/AppalachianBison/AppalachianBison_Character_BP.AppalachianBison_Character_BP,Appa Bison,/KalugasAppalachianDenizens/Dinos/Mammals/AppalachianBison/AppalachianBison_Character_BP.AppalachianBison_Character_BP,40,Vanilla Bison,/Game/ASA/Dinos/Bison/Bison_Character_BP.Bison_Character_BP,60,,,,,,,,,,,,,,,
Appa Carno,50%,/KalugasAppalachianDenizens/Dinos/Dinosaurs/Appalachian_Carnotaurus/AppalachianCarno_Character_BP.AppalachianCarno_Character_BP,Appa Carno,/KalugasAppalachianDenizens/Dinos/Dinosaurs/Appalachian_Carnotaurus/AppalachianCarno_Character_BP.AppalachianCarno_Character_BP,40,Vanilla Carno,/Game/PrimalEarth/Dinos/Carno/Carno_Character_BP.Carno_Character_BP,60,,,,,,,,,,,,,,,
Appa Cerato,58%,/KalugasAppalachianDenizens/Dinos/Dinosaurs/Appalachian_Cerato/AppalachianCeratosaurus_Character_BP.AppalachianCeratosaurus_Character_BP,Appa Cerato,/KalugasAppalachianDenizens/Dinos/Dinosaurs/Appalachian_Cerato/AppalachianCeratosaurus_Character_BP.AppalachianCeratosaurus_Character_BP,40,Vanilla Cerato,/Game/ASA/Dinos/Ceratosaurus/Dinos/Ceratosaurus_Character_BP_ASA.Ceratosaurus_Character_BP_ASA,60,,,,,,,,,,,,,,,
Appa Chalico,30%,/KalugasAppalachianDenizens/Dinos/Mammals/Appalachian_Chalicotherium/AppalachianChalico_Character_BP.AppalachianChalico_Character_BP,Appa Chalico,/KalugasAppalachianDenizens/Dinos/Mammals/Appalachian_Chalicotherium/AppalachianChalico_Character_BP.AppalachianChalico_Character_BP,50,Vanilla Chalico,/Game/PrimalEarth/Dinos/Chalicotherium/Chalico_Character_BP.Chalico_Character_BP,50,,,,,,,,,,,,,,,
Appa Direbear,40%,/KalugasAppalachianDenizens/Dinos/Mammals/Appalachian_CaveBear/AppalachianDirebear_Character_BP.AppalachianDirebear_Character_BP,Appa Direbear,/KalugasAppalachianDenizens/Dinos/Mammals/Appalachian_CaveBear/AppalachianDirebear_Character_BP.AppalachianDirebear_Character_BP,40,Vanilla Dire Bear,/Game/PrimalEarth/Dinos/Direbear/Direbear_Character_BP.Direbear_Character_BP_C,60,,,,,,,,,,,,,,,
Vanilla Direwolf,40%,/Game/PrimalEarth/Dinos/Direwolf/Direwolf_Character_BP.Direwolf_Character_BP,Appa Direwolf,/KalugasAppalachianDenizens/Dinos/Mammals/Appalachian_Direwolf/AppalachianDirewolf_Character_BP.AppalachianDirewolf_Character_BP,25,Vanilla Direwolf,/Game/PrimalEarth/Dinos/Direwolf/Direwolf_Character_BP.Direwolf_Character_BP,75,,,,,,,,,,,,,,,
Appa Hyae,50%,/KalugasAppalachianDenizens/Dinos/Mammals/AppalachianHyaenodon/AppalachianHyaenodon_BP.AppalachianHyaenodon_BP,Appa Hyae,/KalugasAppalachianDenizens/Dinos/Mammals/AppalachianHyaenodon/AppalachianHyaenodon_BP.AppalachianHyaenodon_BP,40,Vanilla Hyae,/Game/PrimalEarth/Dinos/Hyaenodon/Hyaenodon_Character_BP.Hyaenodon_Character_BP,60,,,,,,,,,,,,,,,
Vanilla Mammoth,40%,/Game/PrimalEarth/Dinos/Mammoth/Mammoth_Character_BP.Mammoth_Character_BP,Appa Mammoth,/KalugasAppalachianDenizens/Dinos/Mammals/AppalachianMammoth/AppalachianMammoth_Character_BP.AppalachianMammoth_Character_BP,30,Vanilla Mammoth,/Game/PrimalEarth/Dinos/Mammoth/Mammoth_Character_BP.Mammoth_Character_BP,70,,,,,,,,,,,,,,,
Appa Rhino,25% ???,/KalugasAppalachianDenizens/Dinos/Mammals/Appalachian_WoollyRhino/AppalachianRhino_Character_BP.AppalachianRhino_Character_BP,Appa Rhino,/KalugasAppalachianDenizens/Dinos/Mammals/Appalachian_WoollyRhino/AppalachianRhino_Character_BP.AppalachianRhino_Character_BP,50,Vanilla Rhino,/Game/PrimalEarth/Dinos/WoollyRhino/Rhino_Character_BP.Rhino_Character_BP,50,,,,,,,,,,,,,,,
Vanilla Fire Wyvern,convert to buff form,/Game/ScorchedEarth/Dinos/Wyvern/Wyvern_Character_BP_Fire.Wyvern_Character_BP_Fire,Twee Fire Wyvern,/Tristans-WyvernTweaks/Dinos/Wyvern/TT-Wyvern_Character_BP_Fire.TT-Wyvern_Character_BP_Fire,100,,,,,,,,,,,,,,,,,,
Vanilla Poison Wyvern,convert to buff form,/Game/ScorchedEarth/Dinos/Wyvern/Wyvern_Character_BP_Poison.Wyvern_Character_BP_Poison,Twee Poison Wyvern,/Tristans-WyvernTweaks/Dinos/Wyvern/TT-Wyvern_Character_BP_Poison.TT-Wyvern_Character_BP_Poison,100,,,,,,,,,,,,,,,,,,
Vanilla Lightning Wyvern,convert to buff form,/Game/ScorchedEarth/Dinos/Wyvern/Wyvern_Character_BP_Lightning.Wyvern_Character_BP_Lightning,Twee Lightning Wyvern,/Tristans-WyvernTweaks/Dinos/Wyvern/TT-Wyvern_Character_BP_Lightning.TT-Wyvern_Character_BP_Lightning,100,,,,,,,,,,,,,,,,,,
Vanilla Ice Wyvern,convert to buff form,/Game/ASA/Dinos/IceWyvern/Wyvern_Character_BP_Ice.Wyvern_Character_BP_Ice,Twee Ice Wyvern,/Tristans-WyvernTweaks/Dinos/Wyvern/TT-Wyvern_Character_BP_Ice.TT-Wyvern_Character_BP_Ice,100,,,,,,,,,,,,,,,,,,
Giant Isopod,60% of trilo,/giant_isopod_mod/creatures/Giant_Isopod_Character_BP.Giant_Isopod_Character_BP,Giant Isopod,/giant_isopod_mod/creatures/Giant_Isopod_Character_BP.Giant_Isopod_Character_BP,40,Trilobite,/Game/PrimalEarth/Dinos/Trilobite/Trilobite_Character.Trilobite_Character,60,,,,,,,no idea,,,,,,,,
,,,,,,,,,,,,,,,,,,,,,,,
,,,,,,,,,,,,,,,,,,,,,,,
,,,,,,,,,,,,,,,,,,,,,,,
X,cut off line,X,,,,,,,,,,,,,,,,,,,,,
,,,,,,,,,,,,,,,,,,,,,,,
Vanilla Dire Polar Bear,,/Game/Mods/Ragnarok/Custom_Assets/Dinos/Polar_Bear/Polar_Bear.Polar_Bear,Vanilla Dire Bear,/Game/PrimalEarth/Dinos/Direbear/Direbear_Character_BP.Direbear_Character_BP,100,,,,,,,,,,,,,,,,,,
Appa Bronto,80% of vanilla,/KalugasAppalachianDenizens/Dinos/Dinosaurs/AppalachianBrontosairis/ASauropod_Character_BP.ASauropod_Character_BP,Appa Bronto,/KalugasAppalachianDenizens/Dinos/Dinosaurs/AppalachianBrontosairis/ASauropod_Character_BP.ASauropod_Character_BP,50,Vanilla Bronto,/Game/PrimalEarth/Dinos/Sauropod/Sauropod_Character_BP.Sauropod_Character_BP,50,no idea,,,,,,,,,,,,,,
,,,,,,,,,,,,,,,,,,,,,,,
,,,,,,,,,,,,,,,,,,,,,,,
Evo Rex,replaces vanilla fully,/PA_EVO_Pack_01/Dinos/EVO_Rex/EVO_Rex_Character_BP.EVO_Rex_Character_BP,Evo Rex,/PA_EVO_Pack_01/Dinos/EVO_Rex/EVO_Rex_Character_BP.EVO_Rex_Character_BP,48,Vanilla Rex,/Game/PrimalEarth/Dinos/Rex/Rex_Character_BP.Rex_Character_BP,47,Tek Rex,/Game/PrimalEarth/Dinos/Rex/BionicRex_Character_BP.BionicRex_Character_BP,5,,,,,,,,,,,,
Evo Giga,replaces vanilla fully,/PA_EVO_Pack_01/Dinos/EVO_Giga/EVO_Giga_Character_BP.EVO_Giga_Character_BP,Evo Giga,/PA_EVO_Pack_01/Dinos/EVO_Giga/EVO_Giga_Character_BP.EVO_Giga_Character_BP,50,Vanilla Giga,/Game/PrimalEarth/Dinos/Giganotosaurus/Gigant_Character_BP.Gigant_Character_BP,50,,,,,,,,,,,,,,,
Evo Bronto,replaces vanilla fully,/PA_EVO_Pack_03/Dinos/EVO_Bronto/EVO_Bronto_Character_BP.EVO_Bronto_Character_BP_C,Evo Bronto,/PA_EVO_Pack_03/Dinos/EVO_Bronto/EVO_Bronto_Character_BP.EVO_Bronto_Character_BP_C,50,Vanilla Bronto,/Game/PrimalEarth/Dinos/Sauropod/Sauropod_Character_BP.Sauropod_Character_BP,50,,,,,,,,,,,,,,,
,,,,,,,,,,,,,,,,,,,,,,,
Shin Magmasaur,30% of pyromanes,/ShinsPortedCreatures/Dinos/Magmasaur/Magmasaur_Character_BP.Magmasaur_Character_BP,Vanilla Pyromane,/Game/ASA/Dinos/FireLion/FireLion_Character_BP.FireLion_Character_BP,100,,,,,,,,,,no idea,,,,,,,,
,,,,,,,,,,,,,,,,,,,,,,,
,,,,,,,,,,,,,,,,,,,,,,,
,,,,,,,,,,,,,,,,,,,,,,,
Evo Therizino,replaces vanilla fully,/PA_EVO_Pack_03/Dinos/EVO_Therizino/EVO_Therizino_Character_BP.EVO_Therizino_Character_BP,Evo Therizino,/PA_EVO_Pack_03/Dinos/EVO_Therizino/EVO_Therizino_Character_BP.EVO_Therizino_Character_BP,50,Shad Therizino,/ShadsCritterReworks/Content/Theri/Therizino_Character_BP_Shad.Therizino_Character_BP_Shad,50,"doesnt work, wrong prio",,,,,,,,,,,,,,
Vanilla Fire Wyvern,,/Game/ScorchedEarth/Dinos/Wyvern/Wyvern_Character_BP_Fire.Wyvern_Character_BP_Fire,Shad Fire Wyvern,/ShadsCritterReworks/Content/Wyvern/Wyvern_Character_BP_Fire_Shad.Wyvern_Character_BP_Fire_Shad,100,,,,"test with arboreal, didnt work",,,,,,,,,,,,,,
Vanilla Poison Wyvern,,/Game/ScorchedEarth/Dinos/Wyvern/Wyvern_Character_BP_Poison.Wyvern_Character_BP_Poison,Shad Poison Wyvern,/ShadsCritterReworks/Content/Wyvern/Wyvern_Character_BP_Poison_Shad.Wyvern_Character_BP_Poison_Shad,100,,,,"test with arboreal, didnt work",,,,,,,,,,,,,,
Vanilla Lightning Wyvern,,/Game/ScorchedEarth/Dinos/Wyvern/Wyvern_Character_BP_Lightning.Wyvern_Character_BP_Lightning,Shad Lightning Wyvern,/ShadsCritterReworks/Content/Wyvern/Wyvern_Character_BP_Lightning_Shad.Wyvern_Character_BP_Lightning_Shad,100,,,,"test with arboreal, didnt work",,,,,,,,,,,,,,
Arbo Ember Wyvern,20% of Fire Wyvern,/Arboreal_Additions/OtherDLCs/CrystalWyverns/Ember/AA_Ember_CrystalWyvern_Character_BP.AA_Ember_CrystalWyvern_Character_BP,Shad Fire Wyvern,/ShadsCritterReworks/Content/Wyvern/Wyvern_Character_BP_Fire_Shad.Wyvern_Character_BP_Fire_Shad,100,,,,,,,vanilla fire wyverns spawn where ice wyverns previously did.,,,,,,,,,,,
Arbo Blood Wyvern,20% of Poison Wyvern,/Arboreal_Additions/OtherDLCs/CrystalWyverns/Blood/AA_Blood_CrystalWyvern_Character_BP.AA_Blood_CrystalWyvern_Character_BP,Shad Poison Wyvern,/ShadsCritterReworks/Content/Wyvern/Wyvern_Character_BP_Poison_Shad.Wyvern_Character_BP_Poison_Shad,100,,,,,,,,,,,,,,,,,,
Arbo Trop Wyvern,20% of Lightning,/Arboreal_Additions/OtherDLCs/CrystalWyverns/Tropical/AA_Tropical_CrystalWyvern_Character_BP.AA_Tropical_CrystalWyvern_Character_BP,Shad Lightning Wyvern,/ShadsCritterReworks/Content/Wyvern/Wyvern_Character_BP_Lightning_Shad.Wyvern_Character_BP_Lightning_Shad,100,,,,,,,,,,,,,,,,,,
Arbo Andrew,15% of equus,/Arboreal_Additions/OtherDLCs/Andrewsarchus/AA_Andrewsarchus_Character_BP.AA_Andrewsarchus_Character_BP,Vanilla Equus,/Game/PrimalEarth/Dinos/Equus/Equus_Character_BP.Equus_Character_BP,100,,,,,,,,,,,,,,,,,,
Arbo Sino,15% of dimorph,/Arboreal_Additions/OtherDLCs/Sinomacrops/AA_Sinomacrops_Character_BP.AA_Sinomacrops_Character_BP,Shad Dimorphodon,/ShadsCritterReworks/Content/Dimorphodon/Dimorph_Character_BP_Shad.Dimorph_Character_BP_Shad,100,,,,,,,,,,,,,,,,,,
Arbo Dinopith,15% of bigfoot,/Arboreal_Additions/OtherDLCs/Dinopithecus/AA_Dinopithecus_Character_BP.AA_Dinopithecus_Character_BP,Shad Gigantopithecus,/ShadsCritterReworks/Content/Bigfoot/Bigfoot_Character_BP_Shad.Bigfoot_Character_BP_Shad,100,,,,,,,,,,,,,,,,,,
Arbo Amarga,15% of diplodocus,/Arboreal_Additions/OtherDLCs/Amargasaurus/AA_Amargasaurus_Character_BP.AA_Amargasaurus_Character_BP,Shad Diplodocus,/ShadsCritterReworks/Content/Diplo/Diplodocus_Character_BP_Shad.Diplodocus_Character_BP_Shad,100,,,,,,,,,,,,,,,,,,
Arbo Tropeo,15% of ptero,/Arboreal_Additions/OtherDLCs/Tropeognathus/AA_Tropeognathus_Character_BP.AA_Tropeognathus_Character_BP,Shad Pteranodon,/ShadsCritterReworks/Content/Ptero/Ptero_Character_BP_Shad.Ptero_Character_BP_Shad,100,,,,,,,,,,,,,,,,,,
Arbo Catfish,10% of salmon,/Arboreal_Additions/AtlasPorts/Catfish/AA_Catfish_Character_BP.AA_Catfish_Character_BP,Vanilla Salmon,/Game/PrimalEarth/Dinos/Salmon/Salmon_Character_BP.Salmon_Character_BP,100,,,,,,,,,,,,,,,,,,
Arbo Chicken,10% of dodo,/Arboreal_Additions/AtlasPorts/Chicken/AA_Chicken_Character_BP.AA_Chicken_Character_BP,Vanilla Dodo,/Game/PrimalEarth/Dinos/Dodo/Dodo_Character_BP.Dodo_Character_BP,100,,,,,,,,,,,,,,,,,,
Arbo Cod,10% of salmon,/Arboreal_Additions/AtlasPorts/Cod/AA_Cod_Character_BP.AA_Cod_Character_BP,Vanilla Salmon,/Game/PrimalEarth/Dinos/Salmon/Salmon_Character_BP.Salmon_Character_BP,100,,,,,,,,,,,,,,,,,,
Arbo Crocodile ,10% of sarco,/Arboreal_Additions/AtlasPorts/Crocodile/AA_Crocodile_Character_BP.AA_Crocodile_Character_BP,Shad Sarco,/ShadsCritterReworks/Content/Sarco/Sarco_Character_BP_Shad.Sarco_Character_BP_Shad,100,,,,,,,,,,,,,,,,,,
Arbo Crow,10% of archaeopteryx,/Arboreal_Additions/AtlasPorts/Crow/AA_Crow_Character_BP.AA_Crow_Character_BP,Vanilla Archaeopteryx,/Game/PrimalEarth/Dinos/Archaeopteryx/Archa_Character_BP.Archa_Character_BP,100,,,,,,,,,,,,,,,,,,
Arbo Hammerhead,10% of megalodon,/Arboreal_Additions/AtlasPorts/Hammerhead/AA_Hammerhead_Character_BP.AA_Hammerhead_Character_BP,Shad Megalodon,/ShadsCritterReworks/Content/Megalodon/Megalodon_Character_BP_Shad.Megalodon_Character_BP_Shad,100,,,,,,,,,,,,,,,,,,
Arbo Marlin,10% of salmon,/Arboreal_Additions/AtlasPorts/Marlin/AA_Marlin_Character_BP.AA_Marlin_Character_BP,Vanilla Salmon,/Game/PrimalEarth/Dinos/Salmon/Salmon_Character_BP.Salmon_Character_BP,100,,,,,,,,,,,,,,,,,,
Arbo Monkey,10% of mesopithecus,/Arboreal_Additions/AtlasPorts/Monkey/AA_Monkey_Character_BP.AA_Monkey_Character_BP,Vanilla Mesopithecus,/Game/PrimalEarth/Dinos/Monkey/Monkey_Character_BP.Monkey_Character_BP,100,,,,,,,,,,,,,,,,,,
Arbo Penguin,10% of kairuku,/Arboreal_Additions/AtlasPorts/Penguin/AA_Penguin_Character_BP.AA_Penguin_Character_BP,Vanilla Kairuku,/Game/PrimalEarth/Dinos/Kairuku/Kairuku_Character_BP.Kairuku_Character_BP,100,,,,,,,,,,,,,,,,,,
Arbo Pig,10% of daeodon,/Arboreal_Additions/AtlasPorts/Pig/AA_Pig_Character_BP.AA_Pig_Character_BP,Shad Daeodon,/ShadsCritterReworks/Content/Daeodon/Daeodon_Character_BP_Shad.Daeodon_Character_BP_Shad,100,,,,,,,,,,,,,,,,,,
Arbo Razortooth,10% of yuty,/Arboreal_Additions/AtlasPorts/Razortooth/AA_Razortooth_Character_BP.AA_Razortooth_Character_BP,Shad Yutyrannus,/ShadsCritterReworks/Content/Yuty/Yutyrannus_Character_BP_Shad.Yutyrannus_Character_BP_Shad,100,,,,,,,,,,,,,,,,,,
Arbo Shieldhorn,10% of trike,/Arboreal_Additions/AtlasPorts/Shieldhorn/AA_Shieldhorn_Character_BP.AA_Shieldhorn_Character_BP,Shad Trike,/ShadsCritterReworks/Content/Trike/Trike_Character_BP_Shad.Trike_Character_BP_Shad,100,,,,,,,,,,,,,,,,,,
Shad Alpha Raptor,,/ShadsCritterReworks/Content/AlphaRaptor/MegaRaptor_Character_BP_Shad.MegaRaptor_Character_BP_Shad,Vanilla Alpha Raptor,/Game/PrimalEarth/Dinos/Raptor/MegaRaptor_Character_BP.MegaRaptor_Character_BP,100,,,,,,,,,,,,,,,,,,
Shad Ankylosaurus,,/ShadsCritterReworks/Content/Ankylo/Ankylo_Character_BP_Shad.Ankylo_Character_BP_Shad,Vanilla Ankylosaurus,/Game/PrimalEarth/Dinos/Ankylo/Ankylo_Character_BP.Ankylo_Character_BP,100,,,,,,,,,,,,,,,,,,
Shad Carchar,"safety, doesnt exist yet",/ShadsCritterReworks/Content/Carch/Carcha_Character_BP_Shad.Carcha_Character_BP_Shad,Vanilla Carcharodontosaurus,/Game/PrimalEarth/Dinos/Carcharodontosaurus/Carcha_Character_BP.Carcha_Character_BP,100,,,,,,,,,,,,,,,,,,
Shad Desmodus,,/ShadsCritterReworks/Content/Desmodus/Desmodus_Character_BP_Shad.Desmodus_Character_BP_Shad,Vanilla Desmodus,/Game/Fjordur/Dinos/Desmodus/Desmodus_Character_BP.Desmodus_Character_BP,100,,,,,,,,,,,,,,,,,,
Shad Dreadnoughtus,,/ShadsCritterReworks/Content/Dreadnoughtus/Dreadnoughtus_Character_BP_Shad.Dreadnoughtus_Character_BP_Shad,Vanilla Dreadnoughtus,/Game/ASA/Dinos/Dreadnoughtus/Dreadnoughtus_Character_BP.Dreadnoughtus_Character_BP,100,,,,,,,,,,,,,,,,,,
Shad Giganotosaurus,,/ShadsCritterReworks/Content/Giga/Gigant_Character_BP_Shad.Gigant_Character_BP_Shad,Vanilla Giganotosaurus,/Game/PrimalEarth/Dinos/Giganotosaurus/Gigant_Character_BP.Gigant_Character_BP,100,,,,,,,,,,,,,,,,,,
Shad Kaprosuchus,,/ShadsCritterReworks/Content/Kaprosuchus/Kaprosuchus_Character_BP_Shad.Kaprosuchus_Character_BP_Shad,Vanilla Kaprosuchus,/Game/PrimalEarth/Dinos/Kaprosuchus/Kaprosuchus_Character_BP.Kaprosuchus_Character_BP,100,,,,,,,,,,,,,,,,,,
Shad Megalosaurus,,/ShadsCritterReworks/Content/Megalosaur/Megalosaurus_Character_BP_Shad.Megalosaurus_Character_BP_Shad,Vanilla Megalosaurus,/Game/PrimalEarth/Dinos/Megalosaurus/Megalosaurus_Character_BP.Megalosaurus_Character_BP,100,,,,,,,,,,,,,,,,,,
Shad Neophyte,"safety, doesnt exist yet",/ShadsCritterReworks/Content/Neophyte/Neophyte_Character_BP_Shad.Neophyte_Character_BP_Shad,Vanilla Neophyte,/Game/LostColony/Dinos/Neophyte/Neophyte_Character_BP.Neophyte_Character_BP,100,,,,,,,,,,,,,,,,,,
Shad Onyc,,/ShadsCritterReworks/Content/Bat/Bat_Character_BP_Shad.Bat_Character_BP_Shad,Vanilla Onyc,/Game/PrimalEarth/Dinos/Bat/Bat_Character_BP.Bat_Character_BP,100,,,,,,,,,,,,,,,,,,
Shad Snow Owl,,/ShadsCritterReworks/Content/SnowOwl/Owl_Character_BP_Shad.Owl_Character_BP_Shad,Vanilla Snow Owl,/Game/Extinction/Dinos/Owl/Owl_Character_BP.Owl_Character_BP,100,,,,,,,,,,,,,,,,,,
Shad Terror Bird,,/ShadsCritterReworks/Content/TerrorBird/TerrorBird_Character_BP_Shad.TerrorBird_Character_BP_Shad,Vanilla Terror Bird,/Game/PrimalEarth/Dinos/TerrorBird/TerrorBird_Character_BP.TerrorBird_Character_BP,100,,,,,,,,,,,,,,,,,,
Shad Thylacoleo,,/ShadsCritterReworks/Content/Thyla/Thylacoleo_Character_BP_Shad.Thylacoleo_Character_BP_Shad,Vanilla Thylacoleo,/Game/PrimalEarth/Dinos/Thylacoleo/Thylacoleo_Character_BP.Thylacoleo_Character_BP,100,,,,,,,,,,,,,,,,,,
Shad Velonasaur,,/ShadsCritterReworks/Content/Velonasaur/Spindles_Character_BP_Shad.Spindles_Character_BP_Shad,Vanilla Velonasaur,/Game/Extinction/Dinos/Spindles/Spindles_Character_BP.Spindles_Character_BP,100,,,,,,,,,,,,,,,,,,
Shad Xiphactinus,,/ShadsCritterReworks/Content/Xiphactinus/Xiphactinus_Character_BP_ASA_Shad.Xiphactinus_Character_BP_ASA_Shad,Vanilla Xiphactinus,/Game/ASA/Dinos/Xiphactinus/Dinos/Xiphactinus_Character_BP_ASA.Xiphactinus_Character_BP_ASA,100,,,,,,,,,,,,,,,,,,
Shad Tek Quetzal,,/ShadsCritterReworks/Content/Quetz/BionicQuetz_Character_BP_Shad.BionicQuetz_Character_BP_Shad,Vanilla Tek Quetzal,/Game/PrimalEarth/Dinos/Quetzalcoatlus/BionicQuetz_Character_BP.BionicQuetz_Character_BP,100,,,,still spawns,,,,,,,,,,,,,,
Shad Tek Raptor,,/ShadsCritterReworks/Content/TEKRaptor/BionicRaptor_Character_BP_Shad.BionicRaptor_Character_BP_Shad,Vanilla Tek Raptor,/Game/PrimalEarth/Dinos/Raptor/BionicRaptor_Character_BP.BionicRaptor_Character_BP,100,,,,still spawns,,,,,,,,,,,,,,
Shad Tek Rex,,/ShadsCritterReworks/Content/Rex/BionicRex_Character_BP_Shad.BionicRex_Character_BP_Shad,Vanilla Tek Rex,/Game/PrimalEarth/Dinos/Rex/BionicRex_Character_BP.BionicRex_Character_BP,100,,,,still spawns,,,,,,,,,,,,,,
Shad Tek Stego,,/ShadsCritterReworks/Content/Stego/BionicStego_Character_BP_Shad.BionicStego_Character_BP_Shad,Vanilla Tek Stego,/Game/PrimalEarth/Dinos/Stego/BionicStego_Character_BP.BionicStego_Character_BP,100,,,,still spawns,,,,,,,,,,,,,,
Shad Tek Trike,,/ShadsCritterReworks/Content/Trike/BionicTrike_Character_BP_Shad.BionicTrike_Character_BP_Shad,Vanilla Tek Trike,/Game/PrimalEarth/Dinos/Trike/BionicTrike_Character_BP.BionicTrike_Character_BP,100,,,,still spawns,,,,,,,,,,,,,,
Evo Rex,replaces vanilla fully,/PA_EVO_Pack_01/Dinos/EVO_Rex/EVO_Rex_Character_BP.EVO_Rex_Character_BP,Evo Rex,/PA_EVO_Pack_01/Dinos/EVO_Rex/EVO_Rex_Character_BP.EVO_Rex_Character_BP,50,Shad Rex,/ShadsCritterReworks/Content/Rex/Rex_Character_BP_Shad.Rex_Character_BP_Shad,50,,,,,,,,,,,,,,,
Evo Tarbo,replaces vanilla on SE,/PA_EVO_Pack_01/Dinos/EVO_Rex/Tarbo/EVO_Tarbo_Character_BP.EVO_Tarbo_Character_BP,Evo Tarbo,/PA_EVO_Pack_01/Dinos/EVO_Rex/Tarbo/EVO_Tarbo_Character_BP.EVO_Tarbo_Character_BP,50,Shad Rex,/ShadsCritterReworks/Content/Rex/Rex_Character_BP_Shad.Rex_Character_BP_Shad,50,,,,,,,,,,,,,,,
Evo Mosa,replaces vanilla fully,/PA_EVO_Pack_02/Dinos/EVO_Mosa/EVO_Mosa_Character_BP.EVO_Mosa_Character_BP,Evo Mosa,/PA_EVO_Pack_02/Dinos/EVO_Mosa/EVO_Mosa_Character_BP.EVO_Mosa_Character_BP,50,Shad Mosa,/ShadsCritterReworks/Content/Mosasaurus/Mosa_Character_BP_Shad.Mosa_Character_BP_Shad,50,,,,,,,,,,,,,,,
Shad Therizino,replaces vanilla fully,/ShadsCritterReworks/Content/Theri/Therizino_Character_BP_Shad.Therizino_Character_BP_Shad,Evo Therizino,/PA_EVO_Pack_03/Dinos/EVO_Therizino/EVO_Therizino_Character_BP.EVO_Therizino_Character_BP,40,Shad Therizino,/ShadsCritterReworks/Content/Theri/Therizino_Character_BP_Shad.Therizino_Character_BP_Shad,60,,,,,,,,,,,,,,,
Appa Carno,50% of vanilla,/KalugasAppalachianDenizens/Dinos/Dinosaurs/Appalachian_Carnotaurus/AppalachianCarno_Character_BP.AppalachianCarno_Character_BP,Shad Carno,/ShadsCritterReworks/Content/Carno/Carno_Character_BP_Shad.Carno_Character_BP_Shad,100,,,,still spawns,,,,,,,,,,,,,,
Appa Chalico,30% of vanilla,/KalugasAppalachianDenizens/Dinos/Mammals/Appalachian_Chalicotherium/AppalachianChalico_Character_BP.AppalachianChalico_Character_BP,Shad Chalico,/ShadsCritterReworks/Content/Chalico/Chalico_Character_BP_Shad.Chalico_Character_BP_Shad,100,,,,still spawns,,,,,,,,,,,,,,
Appa Cerato,58% of vanilla,/KalugasAppalachianDenizens/Dinos/Dinosaurs/Appalachian_Cerato/AppalachianCeratosaurus_Character_BP.AppalachianCeratosaurus_Character_BP,Shad Cerato,/ShadsCritterReworks/Content/Cerato/Ceratosaurus_Character_BP_ASA_Shad.Ceratosaurus_Character_BP_ASA_Shad,100,,,,still spawns,,,,,,,,,,,,,,
Appa Direwolf,40% of vanilla,/KalugasAppalachianDenizens/Dinos/Mammals/Appalachian_Direwolf/AppalachianDirewolf_Character_BP.AppalachianDirewolf_Character_BP,Shad Direwolf,/ShadsCritterReworks/Content/Direwolf/Direwolf_Character_BP_Shad.Direwolf_Character_BP_Shad,100,,,,,,,,,,,,,,,,,,
Appa Gigantoraptor,50% of vanilla,/KalugasAppalachianDenizens/Dinos/Dinosaurs/Appalachian_Gigantoraptor/AppalachianGigantoraptor_Character_BP.AppalachianGigantoraptor_Character_BP,Shad Gigantoraptor,/ShadsCritterReworks/Content/Gigantoraptor/Gigantoraptor_Character_BP_Shad.Gigantoraptor_Character_BP_Shad,100,,,,still spawns,,,,,,,,,,,,,,
Appa Bronto,80% of vanilla,/KalugasAppalachianDenizens/Dinos/Dinosaurs/AppalachianBrontosairis/ASauropod_Character_BP.ASauropod_Character_BP,Appa Bronto,/KalugasAppalachianDenizens/Dinos/Dinosaurs/AppalachianBrontosairis/ASauropod_Character_BP.ASauropod_Character_BP,50,Shad Bronto,/ShadsCritterReworks/Content/Bronto/Sauropod_Character_BP_Shad.Sauropod_Character_BP_Shad,50,,,,,,,,,,,,,,,
Shin Magmasaur,30% of pyromanes,/ShinsPortedCreatures/Dinos/Magmasaur/Magmasaur_Character_BP.Magmasaur_Character_BP,Shad Pyromane,/ShadsCritterReworks/Content/Pyromane/FireLion_Character_BP_Shad.FireLion_Character_BP_Shad,100,,,,,,,,,,,,,,,,,,
Better Creatures Defense Unit,,/BetterCreatures/DefenseUnit/DefenseUnit_Character_BP.DefenseUnit_Character_BP,Shad Defense Unit,/ShadsCritterReworks/Content/DefenseUnit/ShadDefenseUnit_Character_bp.ShadDefenseUnit_Character_bp,100,,,,,,,,,,,,,,,,,,
,,,,,,,,,,,,,,,,,,,,,,,
Scorched Edmontosaurus,/,/PrehistoricBeastsPartV/Edmontosaurus/BPs/Edmontosaurus_Character_BP_Scorched.Edmontosaurus_Character_BP_Scorched,,/PrehistoricBeastsPartV/Edmontosaurus/BPs/Edmontosaurus_Character_BP.Edmontosaurus_Character_BP,100,,,,,,,,,,,,,,,,,,
Scorched Wak Spino,/,/WAK_Spinosaurus/Dino/Variants/SE/Scorched_Wak_Spinosaurus_Character_BP.Scorched_Wak_Spinosaurus_Character_BP,,/WAK_Spinosaurus/Dino/Wak_Spinosaurus_Character_BP.Wak_Spinosaurus_Character_BP,100,,,,,,,,,,,,,,,,,,
Appa Carno,50% of vanilla,/KalugasAppalachianDenizens/Dinos/Dinosaurs/Appalachian_Carnotaurus/AppalachianCarno_Character_BP.AppalachianCarno_Character_BP,Vanilla Carno,/Game/PrimalEarth/Dinos/Carno/Carno_Character_BP.Carno_Character_BP,100,,,,still spawns,,,,,,,,,,,,,,
Appa Chalico,30% of vanilla,/KalugasAppalachianDenizens/Dinos/Mammals/Appalachian_Chalicotherium/AppalachianChalico_Character_BP.AppalachianChalico_Character_BP,Vanilla Chalico,/Game/PrimalEarth/Dinos/Chalicotherium/Chalico_Character_BP.Chalico_Character_BP,100,,,,still spawns,,,,,,,,,,,,,,
Appa Cerato,58% of vanilla,/KalugasAppalachianDenizens/Dinos/Dinosaurs/Appalachian_Cerato/AppalachianCeratosaurus_Character_BP.AppalachianCeratosaurus_Character_BP,Vanilla Cerato,/Game/ASA/Dinos/Ceratosaurus/Dinos/Ceratosaurus_Character_BP_ASA_C.Ceratosaurus_Character_BP_ASA,100,,,,still spawns,,,,,,,,,,,,,,
Appa Dire Bear,40% of vanilla,/KalugasAppalachianDenizens/Dinos/Mammals/Appalachian_CaveBear/AppalachianDirebear_Character_BP.AppalachianDirebear_Character_BP,Vanilla Dire Bear,/Game/PrimalEarth/Dinos/Direbear/Direbear_Character_BP.Direbear_Character_BP,100,,,,still spawns,,,,,,,,,,,,,,
Appa Direwolf,40% of vanilla,/KalugasAppalachianDenizens/Dinos/Mammals/Appalachian_Direwolf/AppalachianDirewolf_Character_BP.AppalachianDirewolf_Character_BP,Vanilla Direwolf,/Game/PrimalEarth/Dinos/Direwolf/Direwolf_Character_BP.Direwolf_Character_BP,100,,,,still spawns,,,,,,,,,,,,,,
Appa Gigantoraptor,50% of vanilla,/KalugasAppalachianDenizens/Dinos/Dinosaurs/Appalachian_Gigantoraptor/AppalachianGigantoraptor_Character_BP.AppalachianGigantoraptor_Character_BP,Vanilla Gigantoraptor,/Game/ASA/Dinos/Gigantoraptor/Gigantoraptor_Character_BP.Gigantoraptor_Character_BP,100,,,,still spawns,,,,,,,,,,,,,,
,,,,,,,,,,,,,,,,,,,,,,,
,,,,,,,,,,,,,,,,,,,,,,,
,,,,,,,,,,,,,,,,,,,,,,,
,,,,,,,,,,,,,,,,,,,,,,,
,,,,,,,,,,,,,,,,,,,,,,,
,,,,,,,,,,,,,,,,,,,,,,,
,,,,,,,,,,,,,,,,,,,,,,,
,,,,,,,,,,,,,,,,,,,,,,,
,,,,,,,,,,,,,,,,,,,,,,,
,,,,,,,,,,,,,,,,,,,,,,,
,,,,,,,,,,,,,,,,,,,,,,,
,,,,,,,,,,,,,,,,,,,,,,,
,,,,,,,,,,,,,,,,,,,,,,,
,,,,,,,,,,,,,,,,,,,,,,,
,,,,,,,,,,,,,,,,,,,,,,,
,,,,,,,,,,,,,,,,,,,,,,,
,,,,,,,,,,,,,,,,,,,,,,,
Arbo Dinos,,,,,,,,,,,,,,,,,,,,,,,
Scorched Dinos,,,,,,,,,,,,,,,,,,,,,,,
Drakyros,5% of managarmr,,,,,,,,,,,,,,,,,,,,,,
Drakyros,4% of maelizard,,,,,,,,,,,,,,,,,,,,,,
Drakyros,8% of Ab carnos,,,,,,,,,,,,,,,,,,,,,,
Xyphias Hatze,5% of normal hatze,/HatzegopteryKukulkan/Hatzeg/XyphiasVar_Hatzeg_Character_BP.XyphiasVar_Hatzeg_Character_BP,Hatzegopteryx,/HatzegopteryKukulkan/Hatzeg/Hatzeg_Character_BP.Hatzeg_Character_BP,100,,,,,,,,,,,,,,,,,,
Elemental Alpha Raptors,2% of each variant,,,,,,,,,,,,,,,,,,,,,,
Atlas Fishes,"replaces coel, salmon, piranha randomly",,,,,,,,,,,,,,,,,,,,,,
Dickinsonia,0.1% of eurypterid,,,,,,,,,,,,,,,,,,,,,,
Alpha Smilodon,2% of smilodon,,,,,,,,,,,,,,,,,,,,,,
Smilodon,20% of sabers,,,,,,,,,,,,,,,,,,,,,,
Alpha Globster,3% of globster,,,,,,,,,,,,,,,,,,,,,,
Alpha Draconis Glaucus,5% of glaucus,,,,,,,,,,,,,,,,,,,,,,
Mudshieldfish,20% of salmon,,,,,,,,,,,,,,,,,,,,,,
Alpha Skyshroud,5% of normal,,,,,,,,,,,,,,,,,,,,,,
Isle Suchomimus Male,15% of baryonyx,,,,,,,,,,,,,,,,,,,,,,
Isle Suchomimus Female,15% of baryonyx,,,,,,,,,,,,,,,,,,,,,,
Isle Ab Suchomimus Male,20% of baryonyx,,,,,,,,,,,,,,,,,,,,,,
Isle Ab Suchomimus Female,20% of baryonyx,,,,,,,,,,,,,,,,,,,,,,
Alpha Isle Suchomimus,5% of sucho male,,,,,,,,,,,,,,,,,,,,,,
Alpha Rubidgea,2.5 % of rubidgea,,,,,,,,,,,,,,,,,,,,,,
Alpha Tyrannodominator,5% of each normal tyrannodominator,,,,,,,,,,,,,,,,,,,,,,
Sanguivern,5% of desmodus,,,,,,,,,,,,,,,,,,,,,,
Rogue Variant,2% of each Bastion Beetle,,,,,,,,,,,,,,,,,,,,,,
Majungacorn,1% of majunga,,,,,,,,,,,,,,,,,,,,,,
Gargant Spino,25% of griffin,,,,,,,,,,,,,,,,,,,,,,
Huskywolf,35% of direwolf,,,,,,,,,,,,,,,,,,,,,,
Alpha Huskywolf,5% of direwolf,,,,,,,,,,,,,,,,,,,,,,
Ab Huskywolf,30% of ravager,,,,,,,,,,,,,,,,,,,,,,
Alpha Ab Huskywolf,1% of ravager,,,,,,,,,,,,,,,,,,,,,,
Stegotetrabelodon,20% of paracer,,,,,,,,,,,,,,,,,,,,,,
Tek Stegotetrabelodon,5% of stegotetra,,,,,,,,,,,,,,,,,,,,,,
Alpha Galvarex,4% of galvarex,,,,,,,,,,,,,,,,,,,,,,
Alpha Oceania Krono,5% of oce krono,,,,,,,,,,,,,,,,,,,,,,
,,,,,,,,,,,,,,,,,,,,,,,
Appa Bison,30% of vanilla,,,,,,,,,,,,,,,,,,,,,,
Appa Equus,50% of vanilla,,,,,,,,,,,,,,,,,,,,,,
Appa Hyaenodon,50% of vanilla,,,,,,,,,,,,,,,,,,,,,,
Appa Iguanodon,50% of vanilla,,,,,,,,,,,,,,,,,,,,,,
Appa Mammoth,40% of vanilla,,,,,,,,,,,,,,,,,,,,,,
Appa Megaloceros,25% of vanilla,,,,,,,,,,,,,,,,,,,,,,
Appa Parasaur,50% of vanilla,,,,,,,,,,,,,,,,,,,,,,
Appa Trike,50% of vanilla,,,,,,,,,,,,,,,,,,,,,,
Appa Wooly,25% of vanilla,,,,,,,,,,,,,,,,,,,,,,